max_len,epochs,batch_size,embedding_input,embedding_dim,hidden_layers,hidden_neuron,lr,dropout,optimizer,losses,activation,last_activation,loss,acc,precision,recall,f1score,val_loss,val_acc,val_precision,val_recall,val_f1score
5,1,128,onehot,0,2,128,0.0002,0.4,<class 'keras.optimizers.Adam'>,<function binary_crossentropy at 0x7f61b3023598>,<function elu at 0x7f61b2ff4b70>,sigmoid,0.697486951237633,0.5390625,0.53812265,0.57217264,0.55290556,0.667533278465271,0.584375023841858,0.578133821487427,0.628125011920929,0.601863324642181
5,2,128,onehot,0,2,128,0.0002,0.4,<class 'keras.optimizers.Adam'>,<function binary_crossentropy at 0x7f61b3023598>,<function elu at 0x7f61b2ff4b70>,sigmoid,0.678670989615577,0.5718936,0.571284,0.577939,0.5741345,0.653432488441467,0.600000023841858,0.592708706855774,0.640625,0.615707993507385
5,3,128,onehot,0,2,128,0.0002,0.4,<class 'keras.optimizers.Adam'>,<function binary_crossentropy at 0x7f61b3023598>,<function elu at 0x7f61b2ff4b70>,sigmoid,0.672749183007649,0.5838914,0.5839089,0.58668154,0.58489674,0.647913813591003,0.602343738079071,0.599355340003967,0.615625023841858,0.607354819774628
5,4,128,onehot,0,2,128,0.0002,0.4,<class 'keras.optimizers.Adam'>,<function binary_crossentropy at 0x7f61b3023598>,<function elu at 0x7f61b2ff4b70>,sigmoid,0.66491932954107,0.6001674,0.599687,0.60398066,0.60161656,0.643804252147675,0.6015625,0.599447965621948,0.610937476158142,0.605100154876709
5,5,128,onehot,0,2,128,0.0002,0.4,<class 'keras.optimizers.Adam'>,<function binary_crossentropy at 0x7f61b3023598>,<function elu at 0x7f61b2ff4b70>,sigmoid,0.669252575862975,0.5905878,0.59008867,0.5946801,0.5921506,0.641578495502472,0.60546875,0.60300749540329,0.6171875,0.609997153282166
5,1,16,onehot,0,1,64,0.01,0.4,<class 'keras.optimizers.Adam'>,<function binary_crossentropy at 0x7f61b3023598>,<function relu at 0x7f61b2ff4d90>,sigmoid,0.66646925212711,0.59817475,0.5988027,0.5991888,0.597833,0.72560328245163,0.598214268684387,0.597758948802948,0.604166686534882,0.600534737110138
5,2,16,onehot,0,1,64,0.01,0.4,<class 'keras.optimizers.Adam'>,<function binary_crossentropy at 0x7f61b3023598>,<function relu at 0x7f61b2ff4d90>,sigmoid,0.648817590468049,0.6157817,0.616815,0.6137537,0.61482215,0.719877123832703,0.607142865657806,0.607380390167236,0.610119044780731,0.608594834804535
5,3,16,onehot,0,1,64,0.01,0.4,<class 'keras.optimizers.Adam'>,<function binary_crossentropy at 0x7f61b3023598>,<function relu at 0x7f61b2ff4d90>,sigmoid,0.640717364078426,0.63237464,0.6326943,0.6307153,0.6315024,0.720759987831116,0.610119044780731,0.609856486320496,0.613095223903656,0.611426711082459
5,4,16,onehot,0,1,64,0.01,0.4,<class 'keras.optimizers.Adam'>,<function binary_crossentropy at 0x7f61b3023598>,<function relu at 0x7f61b2ff4d90>,sigmoid,0.635976291775352,0.64242256,0.6427251,0.6417773,0.64217764,0.6774622797966,0.602678596973419,0.602153360843658,0.604166686534882,0.603129506111145
5,5,16,onehot,0,1,64,0.01,0.4,<class 'keras.optimizers.Adam'>,<function binary_crossentropy at 0x7f61b3023598>,<function relu at 0x7f61b2ff4d90>,sigmoid,0.627964304172184,0.6524705,0.65234953,0.65320796,0.65274626,0.643958806991577,0.608630955219269,0.608630955219269,0.608630955219269,0.608630895614624
5,1,16,onehot,0,2,128,0.0002,0.4,<class 'keras.optimizers.RMSprop'>,<function binary_crossentropy at 0x7f61b3023598>,<function elu at 0x7f61b2ff4b70>,sigmoid,0.687664700468733,0.5527286,0.5551154,0.5512537,0.5498506,0.710361182689667,0.583333313465118,0.585148274898529,0.578869044780731,0.581716239452362
5,2,16,onehot,0,2,128,0.0002,0.4,<class 'keras.optimizers.RMSprop'>,<function binary_crossentropy at 0x7f61b3023598>,<function elu at 0x7f61b2ff4b70>,sigmoid,0.66812936306703,0.59255165,0.59426296,0.5894174,0.58992153,0.715735614299774,0.59970235824585,0.601423919200897,0.59375,0.597408294677734
5,3,16,onehot,0,2,128,0.0002,0.4,<class 'keras.optimizers.RMSprop'>,<function binary_crossentropy at 0x7f61b3023598>,<function elu at 0x7f61b2ff4b70>,sigmoid,0.659529812128495,0.61015856,0.6123542,0.60748523,0.6084358,0.720780372619629,0.608630955219269,0.609663844108581,0.610119044780731,0.609726190567017
5,4,16,onehot,0,2,128,0.0002,0.4,<class 'keras.optimizers.RMSprop'>,<function binary_crossentropy at 0x7f61b3023598>,<function elu at 0x7f61b2ff4b70>,sigmoid,0.657693375000912,0.6132006,0.61421543,0.6141224,0.6125149,0.725719928741455,0.611607134342194,0.615273594856262,0.59970235824585,0.607164561748505
5,5,16,onehot,0,2,128,0.0002,0.4,<class 'keras.optimizers.RMSprop'>,<function binary_crossentropy at 0x7f61b3023598>,<function elu at 0x7f61b2ff4b70>,sigmoid,0.660442762054877,0.6073009,0.6082239,0.60803837,0.6068359,0.72362744808197,0.611607134342194,0.612984359264374,0.607142865657806,0.609878957271576
5,6,16,onehot,0,2,128,0.0002,0.4,<class 'keras.optimizers.RMSprop'>,<function binary_crossentropy at 0x7f61b3023598>,<function elu at 0x7f61b2ff4b70>,sigmoid,0.65508857263928,0.6147677,0.6155893,0.6135693,0.61325765,0.728290915489197,0.61532735824585,0.615680456161499,0.616071403026581,0.615810990333557
5,7,16,onehot,0,2,128,0.0002,0.4,<class 'keras.optimizers.RMSprop'>,<function binary_crossentropy at 0x7f61b3023598>,<function elu at 0x7f61b2ff4b70>,sigmoid,0.653347622943839,0.6146755,0.61490685,0.6143068,0.6135785,0.726137161254883,0.614583313465118,0.615477025508881,0.613095223903656,0.614173650741577
5,8,16,onehot,0,2,128,0.0002,0.4,<class 'keras.optimizers.RMSprop'>,<function binary_crossentropy at 0x7f61b3023598>,<function elu at 0x7f61b2ff4b70>,sigmoid,0.654979266863657,0.61338496,0.6143517,0.61080384,0.61120015,0.726773738861084,0.616815447807312,0.616451561450958,0.613095223903656,0.614605069160461
5,9,16,onehot,0,2,128,0.0002,0.4,<class 'keras.optimizers.RMSprop'>,<function binary_crossentropy at 0x7f61b3023598>,<function elu at 0x7f61b2ff4b70>,sigmoid,0.656970975937042,0.60545725,0.60631895,0.60471976,0.60440075,0.724645853042603,0.617559552192688,0.618948400020599,0.613095223903656,0.615927278995514
5,10,16,onehot,0,2,128,0.0002,0.4,<class 'keras.optimizers.RMSprop'>,<function binary_crossentropy at 0x7f61b3023598>,<function elu at 0x7f61b2ff4b70>,sigmoid,0.652321939535197,0.61661136,0.6178833,0.61449116,0.6151034,0.726760983467102,0.61904764175415,0.619205176830292,0.61904764175415,0.619017004966736
5,11,16,onehot,0,2,128,0.0002,0.4,<class 'keras.optimizers.RMSprop'>,<function binary_crossentropy at 0x7f61b3023598>,<function elu at 0x7f61b2ff4b70>,sigmoid,0.656056180552395,0.6092367,0.6116502,0.6034292,0.606498,0.720347404479981,0.616815447807312,0.61743700504303,0.613095223903656,0.615108370780945
5,12,16,onehot,0,2,128,0.0002,0.4,<class 'keras.optimizers.RMSprop'>,<function binary_crossentropy at 0x7f61b3023598>,<function elu at 0x7f61b2ff4b70>,sigmoid,0.652591074198748,0.6169801,0.6172414,0.61651915,0.6159834,0.725444078445435,0.617559552192688,0.618452370166779,0.611607134342194,0.614919245243073
5,13,16,onehot,0,2,128,0.0002,0.4,<class 'keras.optimizers.RMSprop'>,<function binary_crossentropy at 0x7f61b3023598>,<function elu at 0x7f61b2ff4b70>,sigmoid,0.651875109183753,0.6116335,0.61162215,0.6120944,0.6109205,0.725655317306519,0.620535731315613,0.620302319526672,0.620535731315613,0.620337784290314
5,14,16,onehot,0,2,128,0.0002,0.4,<class 'keras.optimizers.RMSprop'>,<function binary_crossentropy at 0x7f61b3023598>,<function elu at 0x7f61b2ff4b70>,sigmoid,0.650783500576441,0.6116335,0.61323917,0.60896015,0.61002016,0.726140916347504,0.619791686534882,0.620007157325745,0.61904764175415,0.619400441646576
5,15,16,onehot,0,2,128,0.0002,0.4,<class 'keras.optimizers.RMSprop'>,<function binary_crossentropy at 0x7f61b3023598>,<function elu at 0x7f61b2ff4b70>,sigmoid,0.648771082053846,0.61605823,0.6177785,0.61227876,0.6141628,0.726232409477234,0.617559552192688,0.617436945438385,0.617559552192688,0.617412567138672
5,16,16,onehot,0,2,128,0.0002,0.4,<class 'keras.optimizers.RMSprop'>,<function binary_crossentropy at 0x7f61b3023598>,<function elu at 0x7f61b2ff4b70>,sigmoid,0.649909753099655,0.61661136,0.61720973,0.61541295,0.6153695,0.722448348999023,0.623511910438538,0.623611152172089,0.623511910438538,0.623513340950012
5,17,16,onehot,0,2,128,0.0002,0.4,<class 'keras.optimizers.RMSprop'>,<function binary_crossentropy at 0x7f61b3023598>,<function elu at 0x7f61b2ff4b70>,sigmoid,0.645877018439031,0.6272124,0.62769574,0.6272124,0.62648535,0.726864576339722,0.61904764175415,0.618983447551727,0.61904764175415,0.618961751461029
5,18,16,onehot,0,2,128,0.0002,0.4,<class 'keras.optimizers.RMSprop'>,<function binary_crossentropy at 0x7f61b3023598>,<function elu at 0x7f61b2ff4b70>,sigmoid,0.649795888535744,0.6157817,0.61707824,0.61338496,0.61433053,0.72828209400177,0.616815447807312,0.617092669010162,0.616071403026581,0.616535425186157
5,19,16,onehot,0,2,128,0.0002,0.4,<class 'keras.optimizers.RMSprop'>,<function binary_crossentropy at 0x7f61b3023598>,<function elu at 0x7f61b2ff4b70>,sigmoid,0.64958566110746,0.61827064,0.61881477,0.6181785,0.6176691,0.726728498935699,0.621279776096344,0.620459854602814,0.623511910438538,0.621889889240265
5,20,16,onehot,0,2,128,0.0002,0.4,<class 'keras.optimizers.RMSprop'>,<function binary_crossentropy at 0x7f61b3023598>,<function elu at 0x7f61b2ff4b70>,sigmoid,0.648767180674899,0.61827064,0.61897177,0.61873156,0.6178776,0.725479602813721,0.61532735824585,0.617162764072418,0.607142865657806,0.611991107463837
5,21,16,onehot,0,2,128,0.0002,0.4,<class 'keras.optimizers.RMSprop'>,<function binary_crossentropy at 0x7f61b3023598>,<function elu at 0x7f61b2ff4b70>,sigmoid,0.648418933944365,0.61836284,0.620779,0.61283183,0.61584246,0.726782441139221,0.61532735824585,0.615779638290405,0.611607134342194,0.613601386547089
5,22,16,onehot,0,2,128,0.0002,0.4,<class 'keras.optimizers.RMSprop'>,<function binary_crossentropy at 0x7f61b3023598>,<function elu at 0x7f61b2ff4b70>,sigmoid,0.649005423956564,0.61836284,0.62021744,0.6157817,0.61714697,0.725461959838867,0.61904764175415,0.618802547454834,0.620535731315613,0.619614899158478
5,23,16,onehot,0,2,128,0.0002,0.4,<class 'keras.optimizers.RMSprop'>,<function binary_crossentropy at 0x7f61b3023598>,<function elu at 0x7f61b2ff4b70>,sigmoid,0.64890590784824,0.6200221,0.6213335,0.6179941,0.61890167,0.728018641471863,0.616071403026581,0.616071403026581,0.616071403026581,0.616071403026581
5,24,16,onehot,0,2,128,0.0002,0.4,<class 'keras.optimizers.RMSprop'>,<function binary_crossentropy at 0x7f61b3023598>,<function elu at 0x7f61b2ff4b70>,sigmoid,0.648915197469492,0.6202065,0.62027305,0.62094396,0.61987364,0.725792169570923,0.61532735824585,0.615616261959076,0.613095223903656,0.614282131195068
5,25,16,onehot,0,2,128,0.0002,0.4,<class 'keras.optimizers.RMSprop'>,<function binary_crossentropy at 0x7f61b3023598>,<function elu at 0x7f61b2ff4b70>,sigmoid,0.649202597264343,0.61882377,0.61887044,0.61836284,0.61787146,0.724060118198395,0.614583313465118,0.614309012889862,0.614583313465118,0.6143519282341
5,26,16,onehot,0,2,128,0.0002,0.4,<class 'keras.optimizers.RMSprop'>,<function binary_crossentropy at 0x7f61b3023598>,<function elu at 0x7f61b2ff4b70>,sigmoid,0.646546258159795,0.6211283,0.6212486,0.6211283,0.6204263,0.724243521690369,0.616815447807312,0.618083894252777,0.611607134342194,0.614708065986633
5,27,16,onehot,0,2,128,0.0002,0.4,<class 'keras.optimizers.RMSprop'>,<function binary_crossentropy at 0x7f61b3023598>,<function elu at 0x7f61b2ff4b70>,sigmoid,0.648022196549582,0.62407815,0.6254386,0.62260324,0.6232822,0.725141942501068,0.623511910438538,0.624603152275085,0.61904764175415,0.621735692024231
5,28,16,onehot,0,2,128,0.0002,0.4,<class 'keras.optimizers.RMSprop'>,<function binary_crossentropy at 0x7f61b3023598>,<function elu at 0x7f61b2ff4b70>,sigmoid,0.648210132983582,0.6232485,0.62428814,0.6216814,0.6221081,0.726027727127075,0.61904764175415,0.618977546691895,0.617559552192688,0.618215501308441
5,29,16,onehot,0,2,128,0.0002,0.4,<class 'keras.optimizers.RMSprop'>,<function binary_crossentropy at 0x7f61b3023598>,<function elu at 0x7f61b2ff4b70>,sigmoid,0.646504423787109,0.6222345,0.62227416,0.62407815,0.62245303,0.731318712234497,0.61532735824585,0.616219818592072,0.610119044780731,0.612986922264099
5,30,16,onehot,0,2,128,0.0002,0.4,<class 'keras.optimizers.RMSprop'>,<function binary_crossentropy at 0x7f61b3023598>,<function elu at 0x7f61b2ff4b70>,sigmoid,0.644124136386016,0.62297195,0.6246094,0.6207596,0.62186104,0.727280020713806,0.617559552192688,0.618353188037872,0.613095223903656,0.615639328956604
,1,8,onehot,0,2,16,0.01,0.4,<class 'keras.optimizers.RMSprop'>,<function binary_crossentropy at 0x7f61b3023598>,<function elu at 0x7f61b2ff4b70>,sigmoid,0.648952410723959,0.63016224,0.63241804,0.6314528,0.62955004,0.635863423347473,0.654761910438538,0.658139705657959,0.642857134342194,0.649854123592377
,2,8,onehot,0,2,16,0.01,0.4,<class 'keras.optimizers.RMSprop'>,<function binary_crossentropy at 0x7f61b3023598>,<function elu at 0x7f61b2ff4b70>,sigmoid,0.631925618358418,0.65707964,0.65696853,0.65855455,0.65745443,0.635431885719299,0.668898820877075,0.667989432811737,0.671130955219269,0.669467806816101
,3,8,onehot,0,2,16,0.01,0.4,<class 'keras.optimizers.RMSprop'>,<function binary_crossentropy at 0x7f61b3023598>,<function elu at 0x7f61b2ff4b70>,sigmoid,0.629715749691721,0.65505165,0.6551658,0.65505165,0.655074,0.652119398117065,0.659226179122925,0.659226179122925,0.659226179122925,0.65922611951828
,4,8,onehot,0,2,16,0.01,0.4,<class 'keras.optimizers.RMSprop'>,<function binary_crossentropy at 0x7f61b3023598>,<function elu at 0x7f61b2ff4b70>,sigmoid,0.636885410345058,0.6526549,0.65268415,0.6526549,0.6526621,0.630672156810761,0.651785731315613,0.651785731315613,0.651785731315613,0.651785671710968
,5,8,onehot,0,2,16,0.01,0.4,<class 'keras.optimizers.RMSprop'>,<function binary_crossentropy at 0x7f61b3023598>,<function elu at 0x7f61b2ff4b70>,sigmoid,0.633121176587093,0.65210176,0.65210176,0.65210176,0.6521017,0.622604191303253,0.665178596973419,0.665178596973419,0.665178596973419,0.665178537368774
,6,8,onehot,0,2,16,0.01,0.4,<class 'keras.optimizers.RMSprop'>,<function binary_crossentropy at 0x7f61b3023598>,<function elu at 0x7f61b2ff4b70>,sigmoid,0.633304923465118,0.6524705,0.6524705,0.6524705,0.65247047,0.609866619110107,0.665178596973419,0.665178596973419,0.665178596973419,0.665178537368774
,7,8,onehot,0,2,16,0.01,0.4,<class 'keras.optimizers.RMSprop'>,<function binary_crossentropy at 0x7f61b3023598>,<function elu at 0x7f61b2ff4b70>,sigmoid,0.637932668788946,0.6519174,0.6519174,0.6519174,0.65191734,0.623488783836365,0.671130955219269,0.671130955219269,0.671130955219269,0.671130955219269
,8,8,onehot,0,2,16,0.01,0.4,<class 'keras.optimizers.RMSprop'>,<function binary_crossentropy at 0x7f61b3023598>,<function elu at 0x7f61b2ff4b70>,sigmoid,0.635530830924138,0.6526549,0.6526549,0.6526549,0.6526548,0.641753315925598,0.666666686534882,0.666666686534882,0.666666686534882,0.666666626930237
,9,8,onehot,0,2,16,0.01,0.4,<class 'keras.optimizers.RMSprop'>,<function binary_crossentropy at 0x7f61b3023598>,<function elu at 0x7f61b2ff4b70>,sigmoid,0.635178385824405,0.6557891,0.6557891,0.6557891,0.6557891,0.62660562992096,0.671130955219269,0.671130955219269,0.671130955219269,0.671130895614624
,10,8,onehot,0,2,16,0.01,0.4,<class 'keras.optimizers.RMSprop'>,<function binary_crossentropy at 0x7f61b3023598>,<function elu at 0x7f61b2ff4b70>,sigmoid,0.631509192969243,0.6583702,0.6583702,0.6583702,0.6583702,0.578906416893005,0.663690447807312,0.663690447807312,0.663690447807312,0.663690447807312
,1,128,onehot,0,1,32,0.01,0.3,<class 'keras.optimizers.Adam'>,<function binary_crossentropy at 0x7f61b3023598>,<function relu at 0x7f61b2ff4d90>,sigmoid,0.64738708166849,0.6181176,0.619636,0.6129092,0.616075,0.595016598701477,0.668749988079071,0.672410368919373,0.657812476158142,0.664962410926819
11,1,32,onehot,0,0,64,0.0002,0.1,<class 'keras.optimizers.RMSprop'>,<function binary_crossentropy at 0x7f61b3023598>,none,sigmoid,0.750293292590147,0.4878883,0.46252742,0.18324704,0.25970113,0.749630212783814,0.476934522390366,0.4520103931427,0.19791667163372,0.272411793470383
11,2,32,onehot,0,0,64,0.0002,0.1,<class 'keras.optimizers.RMSprop'>,<function binary_crossentropy at 0x7f61b3023598>,none,sigmoid,0.737676546418455,0.4901997,0.47706497,0.24038461,0.31617078,0.737139880657196,0.484375,0.473445534706116,0.260416656732559,0.333921760320663
11,3,32,onehot,0,0,64,0.0002,0.1,<class 'keras.optimizers.RMSprop'>,<function binary_crossentropy at 0x7f61b3023598>,none,sigmoid,0.727644827238907,0.4943602,0.48809066,0.28883135,0.35964653,0.727123916149139,0.491071432828903,0.488165497779846,0.30803570151329,0.375517606735229
11,4,32,onehot,0,0,64,0.0002,0.1,<class 'keras.optimizers.RMSprop'>,<function binary_crossentropy at 0x7f61b3023598>,none,sigmoid,0.719460074012801,0.49990755,0.49822944,0.33746302,0.39934716,0.71898478269577,0.493303567171097,0.488676130771637,0.352678567171097,0.407161176204681
11,5,32,onehot,0,0,64,0.0002,0.1,<class 'keras.optimizers.RMSprop'>,<function binary_crossentropy at 0x7f61b3023598>,none,sigmoid,0.71257970777489,0.5033284,0.5029849,0.37407544,0.42644578,0.712245047092438,0.496279776096344,0.494591027498245,0.380952388048172,0.428512662649155
11,6,32,onehot,0,0,64,0.0002,0.1,<class 'keras.optimizers.RMSprop'>,<function binary_crossentropy at 0x7f61b3023598>,none,sigmoid,0.706611950016586,0.51090974,0.5129705,0.41216716,0.45473263,0.706540822982788,0.511160731315613,0.513423264026642,0.424107134342194,0.463314056396484
11,7,32,onehot,0,0,64,0.0002,0.1,<class 'keras.optimizers.RMSprop'>,<function binary_crossentropy at 0x7f61b3023598>,none,sigmoid,0.701289625210169,0.52163464,0.5249894,0.44988906,0.4823756,0.701606869697571,0.531994044780731,0.536654949188232,0.474702388048172,0.502524256706238
11,8,32,onehot,0,0,64,0.0002,0.1,<class 'keras.optimizers.RMSprop'>,<function binary_crossentropy at 0x7f61b3023598>,none,sigmoid,0.696437894239933,0.5326368,0.53573954,0.4837278,0.50653166,0.697255492210388,0.540178596973419,0.543415606021881,0.501488089561462,0.520434617996216
11,9,32,onehot,0,0,64,0.0002,0.1,<class 'keras.optimizers.RMSprop'>,<function binary_crossentropy at 0x7f61b3023598>,none,sigmoid,0.691945272437214,0.5425296,0.5447547,0.51090974,0.5255646,0.693355560302734,0.551339268684387,0.553012609481812,0.529761910438538,0.539828062057495
11,10,32,onehot,0,0,64,0.0002,0.1,<class 'keras.optimizers.RMSprop'>,<function binary_crossentropy at 0x7f61b3023598>,none,sigmoid,0.68774132968406,0.55242234,0.5539438,0.5360577,0.5431049,0.689816117286682,0.567708313465118,0.568114399909973,0.559523820877075,0.562556922435761
5,1,16,onehot,0,1,16,0.0005,0.3,<class 'keras.optimizers.Adam'>,<function binary_crossentropy at 0x7f61b3023598>,<function relu at 0x7f61b2ff4d90>,sigmoid,0.71265880899795,0.49612832,0.48561934,0.2931416,0.3544851,0.671729564666748,0.517857134342194,0.517764925956726,0.412202388048172,0.455752819776535
5,2,16,onehot,0,1,16,0.0005,0.3,<class 'keras.optimizers.Adam'>,<function binary_crossentropy at 0x7f61b3023598>,<function relu at 0x7f61b2ff4d90>,sigmoid,0.692758066815964,0.5295907,0.5311218,0.50995576,0.5171907,0.663030743598938,0.569196403026581,0.568196415901184,0.592261910438538,0.578171372413635
5,3,16,onehot,0,1,16,0.0005,0.3,<class 'keras.optimizers.Adam'>,<function binary_crossentropy at 0x7f61b3023598>,<function relu at 0x7f61b2ff4d90>,sigmoid,0.682521417253489,0.5642515,0.5625168,0.58314896,0.5704481,0.65803724527359,0.588541686534882,0.582216203212738,0.622023820877075,0.600320219993591
5,4,16,onehot,0,1,16,0.0005,0.3,<class 'keras.optimizers.Adam'>,<function binary_crossentropy at 0x7f61b3023598>,<function relu at 0x7f61b2ff4d90>,sigmoid,0.673818958368273,0.58388644,0.5824986,0.6008481,0.59005034,0.657440662384033,0.594494044780731,0.589018404483795,0.61904764175415,0.602344751358032
5,5,16,onehot,0,1,16,0.0005,0.3,<class 'keras.optimizers.Adam'>,<function binary_crossentropy at 0x7f61b3023598>,<function relu at 0x7f61b2ff4d90>,sigmoid,0.667764324530036,0.5942109,0.59211487,0.6073009,0.5984769,0.660229086875916,0.59375,0.589838325977325,0.616071403026581,0.601715087890625
5,6,16,onehot,0,1,16,0.0005,0.3,<class 'keras.optimizers.Adam'>,<function binary_crossentropy at 0x7f61b3023598>,<function relu at 0x7f61b2ff4d90>,sigmoid,0.662855553591849,0.6039823,0.60187054,0.6141224,0.606969,0.66807222366333,0.598214268684387,0.594777643680573,0.613095223903656,0.603288412094116
5,7,16,onehot,0,1,16,0.0005,0.3,<class 'keras.optimizers.Adam'>,<function binary_crossentropy at 0x7f61b3023598>,<function relu at 0x7f61b2ff4d90>,sigmoid,0.657570691411122,0.61237097,0.6099485,0.62684363,0.6174076,0.674229443073273,0.595238089561462,0.592588543891907,0.611607134342194,0.601489186286926
5,8,16,onehot,0,1,16,0.0005,0.3,<class 'keras.optimizers.Adam'>,<function binary_crossentropy at 0x7f61b3023598>,<function relu at 0x7f61b2ff4d90>,sigmoid,0.655823418612325,0.6077618,0.606604,0.6163348,0.61057496,0.680567860603333,0.596726179122925,0.595152497291565,0.608630955219269,0.601460754871368
5,9,16,onehot,0,1,16,0.0005,0.3,<class 'keras.optimizers.Adam'>,<function binary_crossentropy at 0x7f61b3023598>,<function relu at 0x7f61b2ff4d90>,sigmoid,0.652671665744444,0.6163348,0.6142905,0.62850296,0.62057614,0.682910084724426,0.602678596973419,0.601341962814331,0.617559552192688,0.608944058418274
5,10,16,onehot,0,1,16,0.0005,0.3,<class 'keras.optimizers.Adam'>,<function binary_crossentropy at 0x7f61b3023598>,<function relu at 0x7f61b2ff4d90>,sigmoid,0.64973103226462,0.61762536,0.6156637,0.62905604,0.6217342,0.687035322189331,0.607142865657806,0.603841722011566,0.622023820877075,0.612292945384979
11,1,128,onehot,0,1,32,0.0005,0.2,<class 'keras.optimizers.RMSprop'>,<function binary_crossentropy at 0x7f61b3023598>,<function elu at 0x7f61b2ff4b70>,sigmoid,0.702777064981915,0.5341332,0.535335,0.5186012,0.5263743,0.68907618522644,0.55859375,0.556873202323914,0.5703125,0.563301086425781
,1,128,onehot,0,1,128,0.0002,0.1,<class 'keras.optimizers.Adam'>,<function binary_crossentropy at 0x7f61b3023598>,<function relu at 0x7f61b2ff4d90>,sigmoid,0.690398290043786,0.5326451,0.5267953,0.65811014,0.58444834,0.680771946907043,0.573437511920929,0.56519615650177,0.635937511920929,0.597895443439484
,2,128,onehot,0,1,128,0.0002,0.1,<class 'keras.optimizers.Adam'>,<function binary_crossentropy at 0x7f61b3023598>,<function relu at 0x7f61b2ff4d90>,sigmoid,0.679660080444245,0.5752418,0.57037216,0.61644346,0.59198505,0.668861091136932,0.614843726158142,0.60838770866394,0.643750011920929,0.625030279159546
,3,128,onehot,0,1,128,0.0002,0.1,<class 'keras.optimizers.Adam'>,<function binary_crossentropy at 0x7f61b3023598>,<function relu at 0x7f61b2ff4d90>,sigmoid,0.669531248864673,0.61067706,0.607527,0.62834823,0.617346,0.65850830078125,0.632031261920929,0.626234412193298,0.654687523841858,0.639866948127747
,4,128,onehot,0,1,128,0.0002,0.1,<class 'keras.optimizers.Adam'>,<function binary_crossentropy at 0x7f61b3023598>,<function relu at 0x7f61b2ff4d90>,sigmoid,0.660310301042738,0.63383555,0.63227165,0.64025295,0.63603055,0.648912012577057,0.651562511920929,0.647582828998566,0.665624976158142,0.656221151351929
,5,128,onehot,0,1,128,0.0002,0.1,<class 'keras.optimizers.Adam'>,<function binary_crossentropy at 0x7f61b3023598>,<function relu at 0x7f61b2ff4d90>,sigmoid,0.653389910856883,0.64025295,0.6401207,0.6421131,0.6408081,0.640090465545654,0.659375011920929,0.658166885375977,0.662500023841858,0.660096645355225
5,1,128,onehot,0,0,32,0.01,0.1,<class 'keras.optimizers.Adam'>,<function binary_crossentropy at 0x7f61b3023598>,none,sigmoid,0.684009759199052,0.561663,0.5619444,0.5587798,0.5599143,0.669413030147553,0.588281273841858,0.590764224529266,0.579687476158142,0.584703743457794
5,2,128,onehot,0,0,32,0.01,0.1,<class 'keras.optimizers.Adam'>,<function binary_crossentropy at 0x7f61b3023598>,none,sigmoid,0.658163165762311,0.6074219,0.6084075,0.6030506,0.60541075,0.64983731508255,0.610937476158142,0.612590312957764,0.603124976158142,0.607813239097595
5,3,128,onehot,0,0,32,0.01,0.1,<class 'keras.optimizers.Adam'>,<function binary_crossentropy at 0x7f61b3023598>,none,sigmoid,0.649687196527209,0.6221168,0.62211716,0.6218378,0.62184757,0.643757343292236,0.609375,0.609176993370056,0.609375,0.609246075153351
5,4,128,onehot,0,0,32,0.01,0.1,<class 'keras.optimizers.Adam'>,<function binary_crossentropy at 0x7f61b3023598>,none,sigmoid,0.646552923179808,0.6263951,0.6262682,0.6264881,0.62633294,0.641958832740784,0.608593761920929,0.609482228755951,0.604687511920929,0.607063949108124
5,5,128,onehot,0,0,32,0.01,0.1,<class 'keras.optimizers.Adam'>,<function binary_crossentropy at 0x7f61b3023598>,none,sigmoid,0.645196584008989,0.624814,0.62473196,0.624814,0.62475127,0.64151531457901,0.606249988079071,0.605699181556702,0.609375,0.607522249221802
5,6,128,onehot,0,0,32,0.01,0.1,<class 'keras.optimizers.Adam'>,<function binary_crossentropy at 0x7f61b3023598>,none,sigmoid,0.644523728461493,0.625558,0.62506485,0.6276042,0.6263201,0.641492366790772,0.60546875,0.605600893497467,0.604687511920929,0.605138540267944
5,7,128,onehot,0,0,32,0.01,0.1,<class 'keras.optimizers.Adam'>,<function binary_crossentropy at 0x7f61b3023598>,none,sigmoid,0.644154663596834,0.62751114,0.6271674,0.62890625,0.6280297,0.64158046245575,0.604687511920929,0.604687511920929,0.604687511920929,0.604687452316284
5,8,128,onehot,0,0,32,0.01,0.1,<class 'keras.optimizers.Adam'>,<function binary_crossentropy at 0x7f61b3023598>,none,sigmoid,0.643936882416407,0.62779015,0.62743104,0.6292783,0.6283441,0.641677379608154,0.607031226158142,0.606831431388855,0.607812523841858,0.607319951057434
5,9,128,onehot,0,0,32,0.01,0.1,<class 'keras.optimizers.Adam'>,<function binary_crossentropy at 0x7f61b3023598>,none,sigmoid,0.643800536791484,0.62862724,0.6283554,0.6296503,0.6289934,0.641753315925598,0.615625023841858,0.615195453166962,0.6171875,0.616179823875427
5,10,128,onehot,0,0,32,0.01,0.1,<class 'keras.optimizers.Adam'>,<function binary_crossentropy at 0x7f61b3023598>,none,sigmoid,0.643710496879759,0.62834823,0.62812245,0.6292783,0.62869537,0.641804277896881,0.614062488079071,0.613118708133698,0.618749976158142,0.615920066833496
5,11,128,onehot,0,0,32,0.01,0.1,<class 'keras.optimizers.Adam'>,<function binary_crossentropy at 0x7f61b3023598>,none,sigmoid,0.643647950320017,0.62881327,0.62865525,0.62946427,0.62905675,0.641833662986755,0.612500011920929,0.612516045570374,0.612500011920929,0.612503945827484
5,12,128,onehot,0,0,32,0.01,0.1,<class 'keras.optimizers.Adam'>,<function binary_crossentropy at 0x7f61b3023598>,none,sigmoid,0.643602310192017,0.6282552,0.6282207,0.6285342,0.6283726,0.641846537590027,0.612500011920929,0.612584233283997,0.612500011920929,0.612530112266541
5,13,128,onehot,0,0,32,0.01,0.1,<class 'keras.optimizers.Adam'>,<function binary_crossentropy at 0x7f61b3023598>,none,sigmoid,0.643567438636507,0.6281622,0.6279949,0.62890625,0.628447,0.641847372055054,0.611718773841858,0.611543118953705,0.612500011920929,0.612019658088684
5,14,128,onehot,0,0,32,0.01,0.1,<class 'keras.optimizers.Adam'>,<function binary_crossentropy at 0x7f61b3023598>,none,sigmoid,0.643539647261302,0.6276042,0.62759674,0.6276042,0.6275972,0.641839921474457,0.612500011920929,0.612500011920929,0.612500011920929,0.612499952316284
5,15,128,onehot,0,0,32,0.01,0.1,<class 'keras.optimizers.Adam'>,<function binary_crossentropy at 0x7f61b3023598>,none,sigmoid,0.643516665413266,0.62769717,0.62756634,0.6281622,0.62786174,0.641826629638672,0.610937476158142,0.610937476158142,0.610937476158142,0.610937476158142
5,16,128,onehot,0,0,32,0.01,0.1,<class 'keras.optimizers.Adam'>,<function binary_crossentropy at 0x7f61b3023598>,none,sigmoid,0.643497076772508,0.6267671,0.6266502,0.62723213,0.6269391,0.641809344291687,0.610156238079071,0.610334634780884,0.609375,0.609852910041809
5,17,128,onehot,0,0,32,0.01,0.1,<class 'keras.optimizers.Adam'>,<function binary_crossentropy at 0x7f61b3023598>,none,sigmoid,0.643479967401141,0.62686014,0.6267241,0.62741816,0.6270684,0.641789495944977,0.609375,0.609375,0.609375,0.609374940395355
5,18,128,onehot,0,0,32,0.01,0.1,<class 'keras.optimizers.Adam'>,<function binary_crossentropy at 0x7f61b3023598>,none,sigmoid,0.643464725641977,0.6266741,0.6265471,0.62723213,0.6268865,0.641768038272858,0.609375,0.609375,0.609375,0.609374940395355
5,19,128,onehot,0,0,32,0.01,0.1,<class 'keras.optimizers.Adam'>,<function binary_crossentropy at 0x7f61b3023598>,none,sigmoid,0.643450962645667,0.6262091,0.62619036,0.62630206,0.6262451,0.641745567321777,0.609375,0.609375,0.609375,0.609374940395355
5,20,128,onehot,0,0,32,0.01,0.1,<class 'keras.optimizers.Adam'>,<function binary_crossentropy at 0x7f61b3023598>,none,sigmoid,0.643438369035721,0.6263951,0.62643313,0.62630206,0.62636644,0.641722619533539,0.609375,0.609375,0.609375,0.609374940395355
5,21,128,onehot,0,0,32,0.01,0.1,<class 'keras.optimizers.Adam'>,<function binary_crossentropy at 0x7f61b3023598>,none,sigmoid,0.643426778770628,0.62602305,0.6260755,0.6259301,0.62600166,0.641699492931366,0.609375,0.609375,0.609375,0.609374940395355
5,22,128,onehot,0,0,32,0.01,0.1,<class 'keras.optimizers.Adam'>,<function binary_crossentropy at 0x7f61b3023598>,none,sigmoid,0.643416024389721,0.625837,0.6259201,0.625558,0.62573606,0.641676425933838,0.609375,0.609375,0.609375,0.609374940395355
5,23,128,onehot,0,0,32,0.01,0.1,<class 'keras.optimizers.Adam'>,<function binary_crossentropy at 0x7f61b3023598>,none,sigmoid,0.643406025000981,0.625,0.6251643,0.62425596,0.6247079,0.641653597354889,0.609375,0.609375,0.609375,0.609374940395355
5,24,128,onehot,0,0,32,0.01,0.1,<class 'keras.optimizers.Adam'>,<function binary_crossentropy at 0x7f61b3023598>,none,sigmoid,0.643396665652593,0.62546504,0.62563276,0.624814,0.6252217,0.641631186008453,0.608593761920929,0.608551383018494,0.609375,0.608961522579193
5,25,128,onehot,0,0,32,0.01,0.1,<class 'keras.optimizers.Adam'>,<function binary_crossentropy at 0x7f61b3023598>,none,sigmoid,0.643387913703918,0.625093,0.6251367,0.625,0.62506723,0.641609191894531,0.608593761920929,0.608821332454681,0.607812523841858,0.608314871788025
5,26,128,onehot,0,0,32,0.01,0.1,<class 'keras.optimizers.Adam'>,<function binary_crossentropy at 0x7f61b3023598>,none,sigmoid,0.643379699616205,0.62462795,0.6246827,0.624442,0.624561,0.641587793827057,0.608593761920929,0.608821332454681,0.607812523841858,0.608314871788025
5,27,128,onehot,0,0,32,0.01,0.1,<class 'keras.optimizers.Adam'>,<function binary_crossentropy at 0x7f61b3023598>,none,sigmoid,0.643371985072181,0.624442,0.6245746,0.6240699,0.6243203,0.641566872596741,0.607812523841858,0.607812523841858,0.607812523841858,0.607812464237213
5,28,128,onehot,0,0,32,0.01,0.1,<class 'keras.optimizers.Adam'>,<function binary_crossentropy at 0x7f61b3023598>,none,sigmoid,0.643364728916259,0.62453496,0.6246298,0.62425596,0.6244417,0.641546607017517,0.607031226158142,0.606867730617523,0.607812523841858,0.60733824968338
5,29,128,onehot,0,0,32,0.01,0.1,<class 'keras.optimizers.Adam'>,<function binary_crossentropy at 0x7f61b3023598>,none,sigmoid,0.643357915537698,0.624163,0.6241965,0.6240699,0.62413204,0.641526877880096,0.606249988079071,0.606249988079071,0.606249988079071,0.606249928474426
5,30,128,onehot,0,0,32,0.01,0.1,<class 'keras.optimizers.Adam'>,<function binary_crossentropy at 0x7f61b3023598>,none,sigmoid,0.643351500942593,0.6240699,0.6240405,0.62425596,0.6241469,0.641507804393768,0.606249988079071,0.606249988079071,0.606249988079071,0.606249928474426
,1,256,onehot,0,0,64,0.0005,0.1,<class 'keras.optimizers.Adam'>,<function binary_crossentropy at 0x7f61b3023598>,none,sigmoid,0.729624671595437,0.49116445,0.49252596,0.57366073,0.5298482,0.710556268692017,0.5029296875,0.5030757188797,0.583984375,0.54040938615799
,2,256,onehot,0,0,64,0.0005,0.1,<class 'keras.optimizers.Adam'>,<function binary_crossentropy at 0x7f61b3023598>,none,sigmoid,0.726318844727108,0.49414062,0.49497533,0.56752235,0.52861166,0.707673192024231,0.509765625,0.509123504161835,0.572265625,0.538719952106476
,3,256,onehot,0,0,64,0.0005,0.1,<class 'keras.optimizers.Adam'>,<function binary_crossentropy at 0x7f61b3023598>,none,sigmoid,0.723216678415026,0.49739584,0.49775645,0.562686,0.52809954,0.704940438270569,0.513671875,0.512777209281921,0.56640625,0.538151860237122
,4,256,onehot,0,0,64,0.0005,0.1,<class 'keras.optimizers.Adam'>,<function binary_crossentropy at 0x7f61b3023598>,none,sigmoid,0.720296079204196,0.50065106,0.50068164,0.55691963,0.5271689,0.702327430248261,0.513671875,0.512981772422791,0.5625,0.536463499069214
,5,256,onehot,0,0,64,0.0005,0.1,<class 'keras.optimizers.Adam'>,<function binary_crossentropy at 0x7f61b3023598>,none,sigmoid,0.717523268290928,0.5037202,0.5034898,0.5537574,0.5273004,0.699810862541199,0.5185546875,0.517309844493866,0.564453125,0.539729535579681
,6,256,onehot,0,0,64,0.0005,0.1,<class 'keras.optimizers.Adam'>,<function binary_crossentropy at 0x7f61b3023598>,none,sigmoid,0.714872411319188,0.50678945,0.5064254,0.55133927,0.5277522,0.697374999523163,0.521484375,0.520021378993988,0.5625,0.540363907814026
,7,256,onehot,0,0,64,0.0005,0.1,<class 'keras.optimizers.Adam'>,<function binary_crossentropy at 0x7f61b3023598>,none,sigmoid,0.712324800945464,0.50855654,0.5081062,0.54873514,0.52748823,0.695008993148804,0.52734375,0.525469183921814,0.56640625,0.545125544071198
,8,256,onehot,0,0,64,0.0005,0.1,<class 'keras.optimizers.Adam'>,<function binary_crossentropy at 0x7f61b3023598>,none,sigmoid,0.709866665658497,0.51283485,0.5120866,0.5517113,0.53102404,0.692705392837524,0.5322265625,0.530084371566772,0.5703125,0.549408316612244
,9,256,onehot,0,0,64,0.0005,0.1,<class 'keras.optimizers.Adam'>,<function binary_crossentropy at 0x7f61b3023598>,none,sigmoid,0.707487858477093,0.5165551,0.51560944,0.5526414,0.53333426,0.690459072589874,0.5361328125,0.534029960632324,0.568359375,0.550581812858582
,10,256,onehot,0,0,64,0.0005,0.1,<class 'keras.optimizers.Adam'>,<function binary_crossentropy at 0x7f61b3023598>,none,sigmoid,0.705180633635748,0.5201823,0.51923764,0.55078125,0.53440505,0.688266694545746,0.5439453125,0.541584134101868,0.57421875,0.557366967201233
,11,256,onehot,0,0,64,0.0005,0.1,<class 'keras.optimizers.Adam'>,<function binary_crossentropy at 0x7f61b3023598>,none,sigmoid,0.702939178262438,0.5232515,0.52221566,0.5526414,0.5368649,0.6861252784729,0.5517578125,0.548883438110352,0.58203125,0.564959526062012
,12,256,onehot,0,0,64,0.0005,0.1,<class 'keras.optimizers.Adam'>,<function binary_crossentropy at 0x7f61b3023598>,none,sigmoid,0.700758868739718,0.52901787,0.52774405,0.5567336,0.54169565,0.684033393859863,0.5498046875,0.546988248825073,0.580078125,0.563043057918549
,13,256,onehot,0,0,64,0.0005,0.1,<class 'keras.optimizers.Adam'>,<function binary_crossentropy at 0x7f61b3023598>,none,sigmoid,0.698636140142168,0.530692,0.5294445,0.5548735,0.5417144,0.681989371776581,0.556640625,0.553747773170471,0.583984375,0.568456411361694
,14,256,onehot,0,0,64,0.0005,0.1,<class 'keras.optimizers.Adam'>,<function binary_crossentropy at 0x7f61b3023598>,none,sigmoid,0.696568015075865,0.5343192,0.5330558,0.5548735,0.5435898,0.679992377758026,0.5556640625,0.552744507789612,0.583984375,0.567923009395599
,15,256,onehot,0,0,64,0.0005,0.1,<class 'keras.optimizers.Adam'>,<function binary_crossentropy at 0x7f61b3023598>,none,sigmoid,0.694552098001752,0.53803945,0.53674793,0.55691963,0.54650015,0.678041160106659,0.5625,0.559638381004334,0.587890625,0.573367118835449
,16,256,onehot,0,0,64,0.0005,0.1,<class 'keras.optimizers.Adam'>,<function binary_crossentropy at 0x7f61b3023598>,none,sigmoid,0.692586333978744,0.54352677,0.5420537,0.5625,0.5519249,0.676135003566742,0.564453125,0.561534762382507,0.58984375,0.575269639492035
,17,256,onehot,0,0,64,0.0005,0.1,<class 'keras.optimizers.Adam'>,<function binary_crossentropy at 0x7f61b3023598>,none,sigmoid,0.690668920675913,0.54724705,0.5458204,0.5636161,0.5544025,0.674273192882538,0.5673828125,0.564645767211914,0.58984375,0.576928913593292
,18,256,onehot,0,0,64,0.0005,0.1,<class 'keras.optimizers.Adam'>,<function binary_crossentropy at 0x7f61b3023598>,none,sigmoid,0.688798274312701,0.5512463,0.5497358,0.5665923,0.5578753,0.672454833984375,0.564453125,0.562081575393677,0.5859375,0.573689222335815
,19,256,onehot,0,0,64,0.0005,0.1,<class 'keras.optimizers.Adam'>,<function binary_crossentropy at 0x7f61b3023598>,none,sigmoid,0.686972970054263,0.55403644,0.55257523,0.56808037,0.5600734,0.670679092407227,0.568359375,0.565828800201416,0.58984375,0.577513813972473
,20,256,onehot,0,0,64,0.0005,0.1,<class 'keras.optimizers.Adam'>,<function binary_crossentropy at 0x7f61b3023598>,none,sigmoid,0.685191617125557,0.5587798,0.55745345,0.5704985,0.56377536,0.6689453125,0.5732421875,0.570504128932953,0.59375,0.581869840621948
,1,16,onehot,0,1,32,0.002,0.1,<class 'keras.optimizers.RMSprop'>,<function binary_crossentropy at 0x7f61b3023598>,<function relu at 0x7f61b2ff4d90>,sigmoid,0.652443935913322,0.6148599,0.6171628,0.5962389,0.60425586,0.661803364753723,0.649553596973419,0.653219819068909,0.638392865657806,0.644959568977356
,2,16,onehot,0,1,32,0.002,0.1,<class 'keras.optimizers.RMSprop'>,<function binary_crossentropy at 0x7f61b3023598>,<function relu at 0x7f61b2ff4d90>,sigmoid,0.615188190894844,0.6599373,0.659209,0.6626106,0.66021824,0.630201935768127,0.671130955219269,0.673912048339844,0.665178596973419,0.669099390506744
,3,16,onehot,0,1,32,0.002,0.1,<class 'keras.optimizers.RMSprop'>,<function binary_crossentropy at 0x7f61b3023598>,<function relu at 0x7f61b2ff4d90>,sigmoid,0.602970206544111,0.6752397,0.6741463,0.6795723,0.6762582,0.611518681049347,0.671875,0.671369254589081,0.675595223903656,0.673068463802338
,4,16,onehot,0,1,32,0.002,0.1,<class 'keras.optimizers.RMSprop'>,<function binary_crossentropy at 0x7f61b3023598>,<function relu at 0x7f61b2ff4d90>,sigmoid,0.596596001084224,0.68012536,0.6800521,0.6810472,0.68013793,0.607432126998901,0.677083313465118,0.676669001579285,0.683035731315613,0.679501056671143
,5,16,onehot,0,1,32,0.002,0.1,<class 'keras.optimizers.RMSprop'>,<function binary_crossentropy at 0x7f61b3023598>,<function relu at 0x7f61b2ff4d90>,sigmoid,0.589713011607308,0.68869835,0.68851507,0.69044983,0.6890844,0.585643231868744,0.690476179122925,0.68994802236557,0.697916686534882,0.693501591682434
,6,16,onehot,0,1,32,0.002,0.1,<class 'keras.optimizers.RMSprop'>,<function binary_crossentropy at 0x7f61b3023598>,<function relu at 0x7f61b2ff4d90>,sigmoid,0.585700055842554,0.6886062,0.6882711,0.68989676,0.6887142,0.579277873039246,0.700148820877075,0.701976299285889,0.699404776096344,0.700327217578888
,7,16,onehot,0,1,32,0.002,0.1,<class 'keras.optimizers.RMSprop'>,<function binary_crossentropy at 0x7f61b3023598>,<function relu at 0x7f61b2ff4d90>,sigmoid,0.581250319702435,0.696073,0.695362,0.6989307,0.6967868,0.572760879993439,0.699404776096344,0.699972450733185,0.702380955219269,0.700825691223145
,8,16,onehot,0,1,32,0.002,0.1,<class 'keras.optimizers.RMSprop'>,<function binary_crossentropy at 0x7f61b3023598>,<function relu at 0x7f61b2ff4d90>,sigmoid,0.577109030038558,0.6966261,0.6960902,0.6989307,0.6972376,0.564376354217529,0.69717264175415,0.697229743003845,0.699404776096344,0.69804459810257
,9,16,onehot,0,1,32,0.002,0.1,<class 'keras.optimizers.RMSprop'>,<function binary_crossentropy at 0x7f61b3023598>,<function relu at 0x7f61b2ff4d90>,sigmoid,0.573635052614859,0.7010509,0.7012141,0.70132744,0.70097303,0.55865490436554,0.694940447807312,0.695278942584991,0.694940447807312,0.695024788379669
,10,16,onehot,0,1,32,0.002,0.1,<class 'keras.optimizers.RMSprop'>,<function binary_crossentropy at 0x7f61b3023598>,<function relu at 0x7f61b2ff4d90>,sigmoid,0.571607836843592,0.7029867,0.7029644,0.70390856,0.7031806,0.554722309112549,0.695684552192688,0.695687472820282,0.696428596973419,0.695894658565521
,11,16,onehot,0,1,32,0.002,0.1,<class 'keras.optimizers.RMSprop'>,<function binary_crossentropy at 0x7f61b3023598>,<function relu at 0x7f61b2ff4d90>,sigmoid,0.569456865170361,0.7074115,0.7075538,0.7064897,0.7068188,0.559046745300293,0.694196403026581,0.694578647613525,0.69345235824585,0.693849444389343
,12,16,onehot,0,1,32,0.002,0.1,<class 'keras.optimizers.RMSprop'>,<function binary_crossentropy at 0x7f61b3023598>,<function relu at 0x7f61b2ff4d90>,sigmoid,0.566755844692213,0.7064897,0.70651305,0.70667404,0.7063855,0.553963959217072,0.694940447807312,0.694100141525269,0.697916686534882,0.695848107337952
,13,16,onehot,0,1,32,0.002,0.1,<class 'keras.optimizers.RMSprop'>,<function binary_crossentropy at 0x7f61b3023598>,<function relu at 0x7f61b2ff4d90>,sigmoid,0.56483292869762,0.7025258,0.70217377,0.70353985,0.70268244,0.563516497612,0.696428596973419,0.697858333587647,0.69345235824585,0.69555139541626
,14,16,onehot,0,1,32,0.002,0.1,<class 'keras.optimizers.RMSprop'>,<function binary_crossentropy at 0x7f61b3023598>,<function relu at 0x7f61b2ff4d90>,sigmoid,0.56103810896564,0.7100848,0.70961416,0.7105457,0.7099053,0.569271922111511,0.697916686534882,0.698780357837677,0.694940447807312,0.696735382080078
,15,16,onehot,0,1,32,0.002,0.1,<class 'keras.optimizers.RMSprop'>,<function binary_crossentropy at 0x7f61b3023598>,<function relu at 0x7f61b2ff4d90>,sigmoid,0.562130810676423,0.7068584,0.70684004,0.7083333,0.7074119,0.570245385169983,0.696428596973419,0.695489048957825,0.697916686534882,0.696613192558289
,16,16,onehot,0,1,32,0.002,0.1,<class 'keras.optimizers.RMSprop'>,<function binary_crossentropy at 0x7f61b3023598>,<function relu at 0x7f61b2ff4d90>,sigmoid,0.560908042971363,0.71423304,0.71496254,0.7129425,0.71379495,0.572347402572632,0.69717264175415,0.697817504405975,0.694940447807312,0.696239411830902
,17,16,onehot,0,1,32,0.002,0.1,<class 'keras.optimizers.RMSprop'>,<function binary_crossentropy at 0x7f61b3023598>,<function relu at 0x7f61b2ff4d90>,sigmoid,0.558821831656768,0.7105457,0.71115786,0.71036136,0.7105828,0.565185308456421,0.702380955219269,0.702490925788879,0.702380955219269,0.702245235443115
,18,16,onehot,0,1,32,0.002,0.1,<class 'keras.optimizers.RMSprop'>,<function binary_crossentropy at 0x7f61b3023598>,<function relu at 0x7f61b2ff4d90>,sigmoid,0.556138727517255,0.71524704,0.71498597,0.7158923,0.71527076,0.574181020259857,0.698660731315613,0.69941645860672,0.697916686534882,0.698593020439148
,19,16,onehot,0,1,32,0.002,0.1,<class 'keras.optimizers.RMSprop'>,<function binary_crossentropy at 0x7f61b3023598>,<function relu at 0x7f61b2ff4d90>,sigmoid,0.559818659208517,0.7031711,0.7032434,0.7037242,0.7033393,0.572942674160004,0.695684552192688,0.696224331855774,0.694940447807312,0.695539772510529
,20,16,onehot,0,1,32,0.002,0.1,<class 'keras.optimizers.RMSprop'>,<function binary_crossentropy at 0x7f61b3023598>,<function relu at 0x7f61b2ff4d90>,sigmoid,0.55588865284547,0.70999265,0.7103788,0.7096239,0.7098952,0.569586753845215,0.691964268684387,0.691269814968109,0.69345235824585,0.69230318069458
11,1,256,onehot,0,1,16,0.01,0.4,<class 'keras.optimizers.RMSprop'>,<function binary_crossentropy at 0x7f61b3023598>,<function elu at 0x7f61b2ff4b70>,sigmoid,0.685775904428391,0.5682664,0.56876075,0.5578497,0.56253123,0.625487685203552,0.6396484375,0.64608371257782,0.6171875,0.631225228309631
11,2,256,onehot,0,1,16,0.01,0.4,<class 'keras.optimizers.RMSprop'>,<function binary_crossentropy at 0x7f61b3023598>,<function elu at 0x7f61b2ff4b70>,sigmoid,0.633092704273406,0.6438802,0.6437068,0.64564735,0.644593,0.608030200004578,0.658203125,0.655122756958008,0.66796875,0.661473631858826
11,3,256,onehot,0,1,16,0.01,0.4,<class 'keras.optimizers.RMSprop'>,<function binary_crossentropy at 0x7f61b3023598>,<function elu at 0x7f61b2ff4b70>,sigmoid,0.622857973689125,0.65699404,0.6553182,0.6623884,0.6587715,0.602376103401184,0.6669921875,0.661641478538513,0.68359375,0.672408998012543
11,4,256,onehot,0,1,16,0.01,0.4,<class 'keras.optimizers.RMSprop'>,<function binary_crossentropy at 0x7f61b3023598>,<function elu at 0x7f61b2ff4b70>,sigmoid,0.617615027087075,0.6635045,0.66256976,0.66685265,0.66466016,0.597194910049439,0.6669921875,0.662917256355285,0.6796875,0.67118239402771
11,5,256,onehot,0,1,16,0.01,0.4,<class 'keras.optimizers.RMSprop'>,<function binary_crossentropy at 0x7f61b3023598>,<function elu at 0x7f61b2ff4b70>,sigmoid,0.612858533859253,0.6629464,0.6630534,0.6623884,0.66267824,0.599240720272064,0.666015625,0.662830352783203,0.67578125,0.669240593910217
11,6,256,onehot,0,1,16,0.01,0.4,<class 'keras.optimizers.RMSprop'>,<function binary_crossentropy at 0x7f61b3023598>,<function elu at 0x7f61b2ff4b70>,sigmoid,0.615216536181314,0.66136533,0.6604246,0.66369045,0.6620159,0.598076939582825,0.669921875,0.667904019355774,0.67578125,0.671809434890747
11,7,256,onehot,0,1,16,0.01,0.4,<class 'keras.optimizers.RMSprop'>,<function binary_crossentropy at 0x7f61b3023598>,<function elu at 0x7f61b2ff4b70>,sigmoid,0.609412911392394,0.6692708,0.6685208,0.67150295,0.66999733,0.597763180732727,0.6650390625,0.66219425201416,0.673828125,0.667959809303284
11,8,256,onehot,0,1,16,0.01,0.4,<class 'keras.optimizers.RMSprop'>,<function binary_crossentropy at 0x7f61b3023598>,<function elu at 0x7f61b2ff4b70>,sigmoid,0.612043849059514,0.6701079,0.6690905,0.67317706,0.6711084,0.597467482089996,0.6669921875,0.665377140045166,0.671875,0.668604552745819
11,9,256,onehot,0,1,16,0.01,0.4,<class 'keras.optimizers.RMSprop'>,<function binary_crossentropy at 0x7f61b3023598>,<function elu at 0x7f61b2ff4b70>,sigmoid,0.608439570381528,0.66973585,0.67014956,0.66796875,0.669045,0.59642744064331,0.6689453125,0.667948603630066,0.671875,0.669905304908752
11,10,256,onehot,0,1,16,0.01,0.4,<class 'keras.optimizers.RMSprop'>,<function binary_crossentropy at 0x7f61b3023598>,<function elu at 0x7f61b2ff4b70>,sigmoid,0.611500575428917,0.66536456,0.6650222,0.66648066,0.6657418,0.598054647445679,0.666015625,0.664087653160095,0.671875,0.667956113815308
