max_len,embedding_input,embedding_dim,epochs,batch_size,hidden_layers,hidden_neuron,lr,dropout,optimizer,losses,activation,last_activation,loss,acc,precision,recall,f1score,val_loss,val_acc,val_precision,val_recall,val_f1score
20,learn,100,1,32,2,32,0.001,0.3,<class 'keras.optimizers.RMSprop'>,<function categorical_crossentropy at 0x7f7650cef488>,<function relu at 0x7f7650cbdd90>,softmax,1.047667424917221,0.43941668,0.43014184,0.09116667,0.14278026,0.9220095872879028,0.5117607712745667,0.6762673854827881,0.1932123601436615,0.2963979244232178
20,learn,100,2,32,2,32,0.001,0.3,<class 'keras.optimizers.RMSprop'>,<function categorical_crossentropy at 0x7f7650cef488>,<function relu at 0x7f7650cbdd90>,softmax,0.9399156530698141,0.55570835,0.6637007,0.32233334,0.42935696,0.9905837178230286,0.5436828136444092,0.6277529001235962,0.32157257199287415,0.4227963984012604
20,learn,100,3,32,2,32,0.001,0.3,<class 'keras.optimizers.RMSprop'>,<function categorical_crossentropy at 0x7f7650cef488>,<function relu at 0x7f7650cbdd90>,softmax,0.8439303211371104,0.62041664,0.6999928,0.46716666,0.55802184,1.1103297472000122,0.5265457034111023,0.5748271942138672,0.38508063554763794,0.4597013294696808
20,learn,100,4,32,2,32,0.001,0.3,<class 'keras.optimizers.RMSprop'>,<function categorical_crossentropy at 0x7f7650cef488>,<function relu at 0x7f7650cbdd90>,softmax,0.7450109754006068,0.6754583,0.75186497,0.55995834,0.63985175,1.2858449220657349,0.5104166865348816,0.5487871170043945,0.4082661271095276,0.46684110164642334
20,learn,100,5,32,2,32,0.001,0.3,<class 'keras.optimizers.RMSprop'>,<function categorical_crossentropy at 0x7f7650cef488>,<function relu at 0x7f7650cbdd90>,softmax,0.6661159062385559,0.7125,0.7844746,0.61720836,0.68918604,1.5174344778060913,0.5040322542190552,0.5307942628860474,0.4183467626571655,0.46688932180404663
20,learn,100,6,32,2,32,0.001,0.3,<class 'keras.optimizers.RMSprop'>,<function categorical_crossentropy at 0x7f7650cef488>,<function relu at 0x7f7650cbdd90>,softmax,0.6024005298614502,0.74233335,0.81317115,0.65225,0.7222334,1.8089662790298462,0.49764785170555115,0.5268955230712891,0.42103493213653564,0.4671848714351654
20,learn,100,7,32,2,32,0.001,0.3,<class 'keras.optimizers.RMSprop'>,<function categorical_crossentropy at 0x7f7650cef488>,<function relu at 0x7f7650cbdd90>,softmax,0.559227985839049,0.76429164,0.83419216,0.678625,0.7468072,2.0637218952178955,0.5067204236984253,0.5222958922386169,0.3995295763015747,0.4518193006515503
20,learn,100,8,32,2,32,0.001,0.3,<class 'keras.optimizers.RMSprop'>,<function categorical_crossentropy at 0x7f7650cef488>,<function relu at 0x7f7650cbdd90>,softmax,0.5194725931684177,0.781125,0.84389305,0.7061667,0.76758116,2.3288960456848145,0.49395161867141724,0.5151325464248657,0.4186827838420868,0.4612177312374115
20,learn,100,9,32,2,32,0.001,0.3,<class 'keras.optimizers.RMSprop'>,<function categorical_crossentropy at 0x7f7650cef488>,<function relu at 0x7f7650cbdd90>,softmax,0.49145395477612813,0.794125,0.85273975,0.72170836,0.7804476,2.566467761993408,0.4848790466785431,0.5201796889305115,0.4230510890483856,0.46570250391960144
20,learn,100,10,32,2,32,0.001,0.3,<class 'keras.optimizers.RMSprop'>,<function categorical_crossentropy at 0x7f7650cef488>,<function relu at 0x7f7650cbdd90>,softmax,0.469371789753437,0.803625,0.85981154,0.73779166,0.79289395,2.406127691268921,0.4902553856372833,0.5025243759155273,0.41431450843811035,0.4534934163093567
20,learn,100,11,32,2,32,0.001,0.3,<class 'keras.optimizers.RMSprop'>,<function categorical_crossentropy at 0x7f7650cef488>,<function relu at 0x7f7650cbdd90>,softmax,0.4525325759847959,0.80866665,0.8660524,0.74170834,0.797946,2.9267516136169434,0.5003360509872437,0.5175250768661499,0.4391801059246063,0.4743252694606781
20,learn,100,12,32,2,32,0.001,0.3,<class 'keras.optimizers.RMSprop'>,<function categorical_crossentropy at 0x7f7650cef488>,<function relu at 0x7f7650cbdd90>,softmax,0.4399201730887095,0.81691664,0.8697267,0.7558333,0.8077919,2.883341073989868,0.49563172459602356,0.5129589438438416,0.4243951737880707,0.4639287292957306
20,learn,100,13,32,2,32,0.001,0.3,<class 'keras.optimizers.RMSprop'>,<function categorical_crossentropy at 0x7f7650cef488>,<function relu at 0x7f7650cbdd90>,softmax,0.4227723601460457,0.81925,0.87088746,0.7627917,0.8122499,3.771249294281006,0.49495968222618103,0.517306387424469,0.4317876398563385,0.4698648452758789
20,learn,100,14,32,2,32,0.001,0.3,<class 'keras.optimizers.RMSprop'>,<function categorical_crossentropy at 0x7f7650cef488>,<function relu at 0x7f7650cbdd90>,softmax,0.41312183048327766,0.82808334,0.87510294,0.772625,0.8197309,2.998377799987793,0.4879032373428345,0.5089353322982788,0.4193548262119293,0.45895546674728394
20,learn,100,15,32,2,32,0.001,0.3,<class 'keras.optimizers.RMSprop'>,<function categorical_crossentropy at 0x7f7650cef488>,<function relu at 0x7f7650cbdd90>,softmax,0.40838964410622913,0.8298333,0.87832123,0.77154166,0.820454,3.4254965782165527,0.49193549156188965,0.5035145878791809,0.42372313141822815,0.4593851566314697
20,learn,100,16,32,2,32,0.001,0.3,<class 'keras.optimizers.RMSprop'>,<function categorical_crossentropy at 0x7f7650cef488>,<function relu at 0x7f7650cbdd90>,softmax,0.40325626272956533,0.832125,0.8810084,0.77920836,0.8260984,4.19837760925293,0.49764785170555115,0.5081313252449036,0.4448924660682678,0.4738757610321045
20,learn,100,17,32,2,32,0.001,0.3,<class 'keras.optimizers.RMSprop'>,<function categorical_crossentropy at 0x7f7650cef488>,<function relu at 0x7f7650cbdd90>,softmax,0.40143420484662057,0.8308333,0.8814098,0.775125,0.8238472,4.0166015625,0.49361559748649597,0.5091520547866821,0.4166666567325592,0.4576416015625
20,learn,100,18,32,2,32,0.001,0.3,<class 'keras.optimizers.RMSprop'>,<function categorical_crossentropy at 0x7f7650cef488>,<function relu at 0x7f7650cbdd90>,softmax,0.404519973586003,0.8300833,0.88860124,0.76783335,0.82263696,4.537112236022949,0.49193549156188965,0.5104780793190002,0.41901880502700806,0.45951035618782043
20,learn,100,19,32,2,32,0.001,0.3,<class 'keras.optimizers.RMSprop'>,<function categorical_crossentropy at 0x7f7650cef488>,<function relu at 0x7f7650cbdd90>,softmax,0.40034209313988683,0.83341664,0.8871495,0.77283335,0.82488054,4.480237007141113,0.48521506786346436,0.5043346285820007,0.41263440251350403,0.4532890021800995
20,learn,100,20,32,2,32,0.001,0.3,<class 'keras.optimizers.RMSprop'>,<function categorical_crossentropy at 0x7f7650cef488>,<function relu at 0x7f7650cbdd90>,softmax,0.4011461113890012,0.831125,0.88392293,0.77216667,0.82324374,3.962846517562866,0.47950267791748047,0.5034189224243164,0.4042338728904724,0.44762852787971497
20,learn,100,1,32,2,64,0.0005,0.3,<class 'keras.optimizers.Adam'>,<function categorical_crossentropy at 0x7f7650cef488>,<function elu at 0x7f7650cbdb70>,softmax,1.0191140392621358,0.47125,0.5438762,0.15925,0.23527572,0.9745163321495056,0.5336021780967712,0.6550182700157166,0.26075267791748047,0.36939024925231934
20,learn,100,2,32,2,64,0.0005,0.3,<class 'keras.optimizers.Adam'>,<function categorical_crossentropy at 0x7f7650cef488>,<function elu at 0x7f7650cbdb70>,softmax,0.8835767795244853,0.59054166,0.6746901,0.41729167,0.5120885,0.9687491655349731,0.5252016186714172,0.5815941095352173,0.37163978815078735,0.45180776715278625
20,learn,100,3,32,2,64,0.0005,0.3,<class 'keras.optimizers.Adam'>,<function categorical_crossentropy at 0x7f7650cef488>,<function elu at 0x7f7650cbdb70>,softmax,0.7294390967686971,0.67658335,0.73840135,0.58466667,0.651056,1.1871610879898071,0.5033602118492126,0.5465593338012695,0.42372313141822815,0.47620922327041626
20,learn,100,4,32,2,64,0.0005,0.3,<class 'keras.optimizers.Adam'>,<function categorical_crossentropy at 0x7f7650cef488>,<function elu at 0x7f7650cbdb70>,softmax,0.5860343183676402,0.749125,0.7974372,0.6897917,0.7388138,1.4781378507614136,0.49092742800712585,0.5114870071411133,0.43212366104125977,0.4676551818847656
20,learn,100,5,32,2,64,0.0005,0.3,<class 'keras.optimizers.Adam'>,<function categorical_crossentropy at 0x7f7650cef488>,<function elu at 0x7f7650cbdb70>,softmax,0.5013802954157194,0.7866667,0.8276341,0.74145836,0.78141934,1.6617846488952637,0.47211021184921265,0.49340951442718506,0.42641130089759827,0.45690178871154785
20,learn,100,6,32,2,64,0.0005,0.3,<class 'keras.optimizers.Adam'>,<function categorical_crossentropy at 0x7f7650cef488>,<function elu at 0x7f7650cbdb70>,softmax,0.45177943724393843,0.81,0.8472764,0.77229166,0.80742544,2.001140594482422,0.48151880502700806,0.48542520403862,0.426075279712677,0.4532923996448517
20,learn,100,7,32,2,64,0.0005,0.3,<class 'keras.optimizers.Adam'>,<function categorical_crossentropy at 0x7f7650cef488>,<function elu at 0x7f7650cbdb70>,softmax,0.41646642915407817,0.8225,0.8554117,0.788625,0.82003206,2.06142520904541,0.47479838132858276,0.4872937500476837,0.4375,0.46065324544906616
20,learn,100,8,32,2,64,0.0005,0.3,<class 'keras.optimizers.Adam'>,<function categorical_crossentropy at 0x7f7650cef488>,<function elu at 0x7f7650cbdb70>,softmax,0.3938154421945413,0.8325,0.86578166,0.800625,0.8314013,2.277294158935547,0.46337366104125977,0.46724069118499756,0.42103493213653564,0.4424856901168823
20,learn,100,9,32,2,64,0.0005,0.3,<class 'keras.optimizers.Adam'>,<function categorical_crossentropy at 0x7f7650cef488>,<function elu at 0x7f7650cbdb70>,softmax,0.3769552244345347,0.83879167,0.871159,0.807625,0.83763015,2.4436733722686768,0.4657258093357086,0.4741504490375519,0.4297715127468109,0.4505270719528198
20,learn,100,10,32,2,64,0.0005,0.3,<class 'keras.optimizers.Adam'>,<function categorical_crossentropy at 0x7f7650cef488>,<function elu at 0x7f7650cbdb70>,softmax,0.3651920040945212,0.84370834,0.8743952,0.81441665,0.84287167,2.4652583599090576,0.4563172161579132,0.46383342146873474,0.4254032373428345,0.4435045123100281
20,learn,100,11,32,2,64,0.0005,0.3,<class 'keras.optimizers.Adam'>,<function categorical_crossentropy at 0x7f7650cef488>,<function elu at 0x7f7650cbdb70>,softmax,0.3533448184231917,0.84845835,0.87724924,0.81929165,0.846749,2.58388614654541,0.4536290466785431,0.4647783935070038,0.4213709533214569,0.4416375458240509
20,learn,100,12,32,2,64,0.0005,0.3,<class 'keras.optimizers.Adam'>,<function categorical_crossentropy at 0x7f7650cef488>,<function elu at 0x7f7650cbdb70>,softmax,0.342270352691412,0.85129166,0.8821154,0.8235833,0.8513373,2.498476505279541,0.4603494703769684,0.46263372898101807,0.4223790466785431,0.4412901699542999
20,learn,100,13,32,2,64,0.0005,0.3,<class 'keras.optimizers.Adam'>,<function categorical_crossentropy at 0x7f7650cef488>,<function elu at 0x7f7650cbdb70>,softmax,0.3393301618496577,0.85320836,0.8833972,0.82575,0.85309166,2.841193199157715,0.4536290466785431,0.4597446918487549,0.4230510890483856,0.4403795301914215
20,learn,100,14,32,2,64,0.0005,0.3,<class 'keras.optimizers.Adam'>,<function categorical_crossentropy at 0x7f7650cef488>,<function elu at 0x7f7650cbdb70>,softmax,0.3327854408224424,0.8562083,0.88583046,0.82816666,0.8555021,2.7519736289978027,0.457325279712677,0.46319231390953064,0.4280914068222046,0.4445997178554535
20,learn,100,15,32,2,64,0.0005,0.3,<class 'keras.optimizers.Adam'>,<function categorical_crossentropy at 0x7f7650cef488>,<function elu at 0x7f7650cbdb70>,softmax,0.32802457771698634,0.85908335,0.8879014,0.83033335,0.857649,2.8326854705810547,0.4543010890483856,0.46288061141967773,0.4217069745063782,0.4410301446914673
20,learn,100,16,32,2,64,0.0005,0.3,<class 'keras.optimizers.Adam'>,<function categorical_crossentropy at 0x7f7650cef488>,<function elu at 0x7f7650cbdb70>,softmax,0.323017766430974,0.8616667,0.8903459,0.8342083,0.86085594,2.7208986282348633,0.448924720287323,0.4559408724308014,0.4183467626571655,0.4359464645385742
20,learn,100,17,32,2,64,0.0005,0.3,<class 'keras.optimizers.Adam'>,<function categorical_crossentropy at 0x7f7650cef488>,<function elu at 0x7f7650cbdb70>,softmax,0.3171393639743328,0.8610833,0.8900275,0.834875,0.8610958,2.908074140548706,0.4442204236984253,0.451084703207016,0.41263440251350403,0.43072497844696045
20,learn,100,18,32,2,64,0.0005,0.3,<class 'keras.optimizers.Adam'>,<function categorical_crossentropy at 0x7f7650cef488>,<function elu at 0x7f7650cbdb70>,softmax,0.313139667848746,0.862875,0.893073,0.838125,0.8642339,2.871304512023926,0.4411962330341339,0.44873905181884766,0.4102822542190552,0.42831888794898987
20,learn,100,19,32,2,64,0.0005,0.3,<class 'keras.optimizers.Adam'>,<function categorical_crossentropy at 0x7f7650cef488>,<function elu at 0x7f7650cbdb70>,softmax,0.309838950663805,0.8645,0.8944798,0.83879167,0.8652228,3.009491443634033,0.4553091526031494,0.45895081758499146,0.41901880502700806,0.43774160742759705
20,learn,100,20,32,2,64,0.0005,0.3,<class 'keras.optimizers.Adam'>,<function categorical_crossentropy at 0x7f7650cef488>,<function elu at 0x7f7650cbdb70>,softmax,0.3057468022008737,0.867125,0.8950688,0.840375,0.8663971,2.9211175441741943,0.4556451737880707,0.4552580714225769,0.4217069745063782,0.4375961422920227
20,learn,50,1,256,1,16,0.002,0.4,<class 'keras.optimizers.RMSprop'>,<function categorical_crossentropy at 0x7f7650cef488>,<function relu at 0x7f7650cbdd90>,softmax,1.0450554195270743,0.44640458,0.58789897,0.078125,0.13118201,0.983595609664917,0.4921875,0.6683655381202698,0.18004260957241058,0.2834559977054596
20,learn,50,2,256,1,16,0.002,0.4,<class 'keras.optimizers.RMSprop'>,<function categorical_crossentropy at 0x7f7650cef488>,<function relu at 0x7f7650cbdd90>,softmax,0.9527826373295117,0.5438928,0.6622206,0.27389953,0.3858019,0.9536807537078857,0.5330255627632141,0.651659369468689,0.25284090638160706,0.3639271855354309
20,learn,50,3,256,1,16,0.002,0.4,<class 'keras.optimizers.RMSprop'>,<function categorical_crossentropy at 0x7f7650cef488>,<function relu at 0x7f7650cbdd90>,softmax,0.8897836810799056,0.59454805,0.68611956,0.3860887,0.49341375,0.9392760396003723,0.5276988744735718,0.598886251449585,0.3355823755264282,0.42983025312423706
20,learn,50,4,256,1,16,0.002,0.4,<class 'keras.optimizers.RMSprop'>,<function categorical_crossentropy at 0x7f7650cef488>,<function relu at 0x7f7650cbdd90>,softmax,0.82661098113624,0.6355427,0.7205939,0.47080812,0.5691403,0.9503800868988037,0.5284090638160706,0.5658775568008423,0.37961646914482117,0.4542004466056824
20,learn,50,5,256,1,16,0.002,0.4,<class 'keras.optimizers.RMSprop'>,<function categorical_crossentropy at 0x7f7650cef488>,<function relu at 0x7f7650cbdd90>,softmax,0.7606427977162022,0.67578125,0.7511952,0.54259074,0.62977195,0.9930009841918945,0.5216619372367859,0.5519638657569885,0.4076704680919647,0.46883103251457214
20,glove.6B.100d,100,1,64,1,16,0.001,0.4,<class 'keras.optimizers.RMSprop'>,<function categorical_crossentropy at 0x7f7650cef488>,<function elu at 0x7f7650cbdb70>,softmax,1.1851801589330038,0.362625,0.38573316,0.16204166,0.22182232,1.085985541343689,0.41202446818351746,0.5755606293678284,0.052309781312942505,0.09509014338254929
,one_hot,0,1,16,1,64,0.0005,0.3,<class 'keras.optimizers.Adam'>,<function categorical_crossentropy at 0x7f7650cef488>,<function relu at 0x7f7650cbdd90>,softmax,1.0069456473986307,0.49395832,0.52161217,0.15025,0.22266506,0.9454557299613953,0.5360962748527527,0.6670092344284058,0.2553475797176361,0.3618001639842987
20,one_hot,0,1,32,0,128,0.0001,0.3,<class 'keras.optimizers.Adam'>,<function categorical_crossentropy at 0x7f7650cef488>,none,softmax,1.0920259828567505,0.38304168,0.0,0.0,0.0,1.1016727685928345,0.42473119497299194,0.0,0.0,0.0
20,one_hot,0,2,32,0,128,0.0001,0.3,<class 'keras.optimizers.Adam'>,<function categorical_crossentropy at 0x7f7650cef488>,none,softmax,1.0747555424372355,0.459125,0.0,0.0,0.0,1.0799071788787842,0.4670698940753937,0.0,0.0,0.0
20,one_hot,0,3,32,0,128,0.0001,0.3,<class 'keras.optimizers.Adam'>,<function categorical_crossentropy at 0x7f7650cef488>,none,softmax,1.059611384232839,0.49433333,0.02533333,0.00083333335,0.001611408,1.0593833923339844,0.48991936445236206,0.04301074892282486,0.0013440860202535987,0.0026067120488733053
20,one_hot,0,4,32,0,128,0.0001,0.3,<class 'keras.optimizers.Adam'>,<function categorical_crossentropy at 0x7f7650cef488>,none,softmax,1.0461607331434886,0.5145,0.16444443,0.005625,0.010852178,1.0412681102752686,0.5020161271095276,0.25806450843811035,0.010080644860863686,0.019285285845398903
20,one_hot,0,5,32,0,128,0.0001,0.3,<class 'keras.optimizers.Adam'>,<function categorical_crossentropy at 0x7f7650cef488>,none,softmax,1.034143851439158,0.526875,0.38666666,0.01575,0.03005361,1.024256944656372,0.511424720287323,0.5,0.022513441741466522,0.04270131513476372
20,one_hot,0,6,32,0,128,0.0001,0.3,<class 'keras.optimizers.Adam'>,<function categorical_crossentropy at 0x7f7650cef488>,none,softmax,1.0233464523156484,0.53329164,0.5893554,0.031875,0.059721407,1.0091406106948853,0.5164650678634644,0.607168436050415,0.03494623675942421,0.06516672670841217
20,one_hot,0,7,32,0,128,0.0001,0.3,<class 'keras.optimizers.Adam'>,<function categorical_crossentropy at 0x7f7650cef488>,none,softmax,1.0136387883027396,0.5399167,0.6968283,0.04625,0.08541364,0.9955670833587646,0.5215053558349609,0.6884281635284424,0.05006720498204231,0.09151798486709595
20,one_hot,0,8,32,0,128,0.0001,0.3,<class 'keras.optimizers.Adam'>,<function categorical_crossentropy at 0x7f7650cef488>,none,softmax,1.0048876202106476,0.54683334,0.7503488,0.06379167,0.11541024,0.9834580421447754,0.5248655676841736,0.7657194137573242,0.06451612710952759,0.11603929847478867
20,one_hot,0,9,32,0,128,0.0001,0.3,<class 'keras.optimizers.Adam'>,<function categorical_crossentropy at 0x7f7650cef488>,none,softmax,0.9969525423844655,0.549875,0.7915266,0.084625,0.14985505,0.9721347093582153,0.5288978219032288,0.7597543001174927,0.08198924362659454,0.14472424983978271
20,one_hot,0,10,32,0,128,0.0001,0.3,<class 'keras.optimizers.Adam'>,<function categorical_crossentropy at 0x7f7650cef488>,none,softmax,0.9897490231990814,0.55441666,0.7920869,0.10279167,0.17842393,0.9623556137084961,0.5292338728904724,0.742332398891449,0.09879032522439957,0.1707248091697693
20,one_hot,0,11,32,0,128,0.0001,0.3,<class 'keras.optimizers.Adam'>,<function categorical_crossentropy at 0x7f7650cef488>,none,softmax,0.9831926741600037,0.558375,0.7901213,0.120291665,0.20477802,0.9534695148468018,0.53125,0.7454045414924622,0.11525537818670273,0.1950015425682068
20,one_hot,0,12,32,0,128,0.0001,0.3,<class 'keras.optimizers.Adam'>,<function categorical_crossentropy at 0x7f7650cef488>,none,softmax,0.9772028650442759,0.5607917,0.78640884,0.136125,0.2277147,0.9453470706939697,0.5332661271095276,0.7345579266548157,0.12735214829444885,0.21244794130325317
20,one_hot,0,13,32,0,128,0.0001,0.3,<class 'keras.optimizers.Adam'>,<function categorical_crossentropy at 0x7f7650cef488>,none,softmax,0.9716958757241567,0.563125,0.7813807,0.15020834,0.24751788,0.9378340840339661,0.5362903475761414,0.7278594970703125,0.13776881992816925,0.22728198766708374
20,one_hot,0,14,32,0,128,0.0001,0.3,<class 'keras.optimizers.Adam'>,<function categorical_crossentropy at 0x7f7650cef488>,none,softmax,0.9666150834560394,0.56616664,0.7812652,0.16020833,0.2612052,0.9310521483421326,0.5372983813285828,0.7217381000518799,0.14919355511665344,0.2429434061050415
20,one_hot,0,15,32,0,128,0.0001,0.3,<class 'keras.optimizers.Adam'>,<function categorical_crossentropy at 0x7f7650cef488>,none,softmax,0.961936500787735,0.56854165,0.77689964,0.17129166,0.2758101,0.9246920943260193,0.5366263389587402,0.7136514186859131,0.15557795763015747,0.2509302794933319
20,one_hot,0,16,32,0,128,0.0001,0.3,<class 'keras.optimizers.Adam'>,<function categorical_crossentropy at 0x7f7650cef488>,none,softmax,0.9575905690193176,0.56929165,0.77398276,0.17883334,0.28558797,0.9192777872085571,0.5359542965888977,0.7135802507400513,0.1619623601436615,0.2594187259674072
20,one_hot,0,17,32,0,128,0.0001,0.3,<class 'keras.optimizers.Adam'>,<function categorical_crossentropy at 0x7f7650cef488>,none,softmax,0.9535386836528779,0.5705,0.7703831,0.187875,0.29715016,0.9139469861984253,0.5369623899459839,0.7089856266975403,0.16801075637340546,0.26721128821372986
20,one_hot,0,18,32,0,128,0.0001,0.3,<class 'keras.optimizers.Adam'>,<function categorical_crossentropy at 0x7f7650cef488>,none,softmax,0.9497636062304179,0.57220834,0.764679,0.19570833,0.3069952,0.9092177152633667,0.5376344323158264,0.7034292817115784,0.17204301059246063,0.271940141916275
20,one_hot,0,19,32,0,128,0.0001,0.3,<class 'keras.optimizers.Adam'>,<function categorical_crossentropy at 0x7f7650cef488>,none,softmax,0.9462173715432485,0.57475,0.76436335,0.20225,0.31530035,0.9049831032752991,0.5386424660682678,0.6979693174362183,0.17943547666072845,0.28108006715774536
20,one_hot,0,20,32,0,128,0.0001,0.3,<class 'keras.optimizers.Adam'>,<function categorical_crossentropy at 0x7f7650cef488>,none,softmax,0.9428905065059662,0.57575,0.7598296,0.208875,0.32317176,0.9010525941848755,0.5393145084381104,0.6909667253494263,0.1854838728904724,0.28810301423072815
10,learn,25,1,64,2,16,0.002,0.1,<class 'keras.optimizers.Adam'>,<function categorical_crossentropy at 0x7f7650cef488>,<function elu at 0x7f7650cbdb70>,softmax,1.0104279470443727,0.47970834,0.5429563,0.18829167,0.27058542,0.9692472219467163,0.532608687877655,0.6544102430343628,0.27513587474823,0.38550347089767456
10,learn,25,2,64,2,16,0.002,0.1,<class 'keras.optimizers.Adam'>,<function categorical_crossentropy at 0x7f7650cef488>,<function elu at 0x7f7650cbdb70>,softmax,0.8787270803451538,0.5933333,0.67096096,0.43954167,0.5295161,1.0227735042572021,0.5234375,0.5861825346946716,0.3712635934352875,0.4534608721733093
10,learn,25,3,64,2,16,0.002,0.1,<class 'keras.optimizers.Adam'>,<function categorical_crossentropy at 0x7f7650cef488>,<function elu at 0x7f7650cbdb70>,softmax,0.7458635233243307,0.6688333,0.7301533,0.581625,0.6464839,1.136488914489746,0.5078125,0.5455325841903687,0.39741846919059753,0.4592292308807373
10,learn,25,4,64,2,16,0.002,0.1,<class 'keras.optimizers.Adam'>,<function categorical_crossentropy at 0x7f7650cef488>,<function elu at 0x7f7650cbdb70>,softmax,0.632205978790919,0.7300417,0.7749982,0.6699167,0.7180538,1.3100595474243164,0.500339686870575,0.5167713165283203,0.4256114065647125,0.46638160943984985
10,learn,25,5,64,2,16,0.002,0.1,<class 'keras.optimizers.Adam'>,<function categorical_crossentropy at 0x7f7650cef488>,<function elu at 0x7f7650cbdb70>,softmax,0.5523242967923482,0.7683333,0.80675626,0.72420835,0.7628278,1.4131474494934082,0.48607337474823,0.5013723373413086,0.440557062625885,0.46878963708877563
20,learn,25,1,128,2,16,0.001,0.3,<class 'keras.optimizers.Adam'>,<function categorical_crossentropy at 0x7f7650cef488>,<function relu at 0x7f7650cbdd90>,softmax,1.0921360853521582,0.37057152,0.0106951855,8.355615e-05,0.00016581683,1.0731501579284668,0.4663722813129425,0.0,0.0,0.0
20,learn,25,2,128,2,16,0.001,0.3,<class 'keras.optimizers.Adam'>,<function categorical_crossentropy at 0x7f7650cef488>,<function relu at 0x7f7650cbdd90>,softmax,1.0211815999790947,0.4820772,0.6611716,0.122075535,0.19361995,0.9948242902755737,0.52173912525177,0.6378477811813354,0.2398097813129425,0.34800052642822266
20,learn,25,3,128,2,16,0.001,0.3,<class 'keras.optimizers.Adam'>,<function categorical_crossentropy at 0x7f7650cef488>,<function relu at 0x7f7650cbdd90>,softmax,0.9396503867312549,0.56325203,0.6568695,0.30594084,0.41526836,0.9503366947174072,0.5258151888847351,0.6178022623062134,0.34375,0.4413527548313141
20,learn,25,4,128,2,16,0.001,0.3,<class 'keras.optimizers.Adam'>,<function categorical_crossentropy at 0x7f7650cef488>,<function relu at 0x7f7650cbdd90>,softmax,0.8643944690571749,0.62011194,0.695414,0.45111966,0.5465175,0.9461119174957275,0.5224184989929199,0.5809631943702698,0.3882472813129425,0.4650913178920746
20,learn,25,5,128,2,16,0.001,0.3,<class 'keras.optimizers.Adam'>,<function categorical_crossentropy at 0x7f7650cef488>,<function relu at 0x7f7650cbdd90>,softmax,0.7951617601083562,0.6625585,0.7315475,0.53342247,0.6164678,0.9727641344070435,0.5207201242446899,0.5522021651268005,0.4181385934352875,0.4757142961025238
20,learn,25,6,128,2,16,0.001,0.3,<class 'keras.optimizers.Adam'>,<function categorical_crossentropy at 0x7f7650cef488>,<function relu at 0x7f7650cbdd90>,softmax,0.7277555790814486,0.7024983,0.7635751,0.59901404,0.6708766,1.0262317657470703,0.5040760636329651,0.5395395159721375,0.41847825050354004,0.47125983238220215
20,learn,25,7,128,2,16,0.001,0.3,<class 'keras.optimizers.Adam'>,<function categorical_crossentropy at 0x7f7650cef488>,<function relu at 0x7f7650cbdd90>,softmax,0.6686526995929167,0.73307985,0.79100937,0.6406668,0.70751953,1.0722904205322266,0.5067934989929199,0.5300220251083374,0.442255437374115,0.4820120334625244
20,learn,25,8,128,2,16,0.001,0.3,<class 'keras.optimizers.Adam'>,<function categorical_crossentropy at 0x7f7650cef488>,<function relu at 0x7f7650cbdd90>,softmax,0.616943852149229,0.75651735,0.8122859,0.6800217,0.7399146,1.1445963382720947,0.49388587474823,0.5235421657562256,0.426630437374115,0.46987876296043396
20,learn,25,9,128,2,16,0.001,0.3,<class 'keras.optimizers.Adam'>,<function categorical_crossentropy at 0x7f7650cef488>,<function relu at 0x7f7650cbdd90>,softmax,0.5677525294337044,0.77560997,0.82923555,0.703125,0.7606692,1.2360724210739136,0.49014946818351746,0.5105175375938416,0.424932062625885,0.46365419030189514
20,learn,25,10,128,2,16,0.001,0.3,<class 'keras.optimizers.Adam'>,<function categorical_crossentropy at 0x7f7650cef488>,<function relu at 0x7f7650cbdd90>,softmax,0.5299051215941893,0.7911096,0.847647,0.7251003,0.78127253,1.2970951795578003,0.4962635934352875,0.5101953744888306,0.42764946818351746,0.4651159942150116
10,one_hot,0,1,32,2,128,0.0001,0.2,<class 'keras.optimizers.RMSprop'>,<function categorical_crossentropy at 0x7f7650cef488>,<function relu at 0x7f7650cbdd90>,softmax,1.0843563364346822,0.40941668,0.006666666,0.00020833334,0.0004040404,1.0449740886688232,0.4647177457809448,0.06451612710952759,0.002016128972172737,0.0039100684225559235
10,one_hot,0,1,32,2,128,0.0002,0,<class 'keras.optimizers.Adam'>,<function categorical_crossentropy at 0x7f7650cef488>,<function elu at 0x7f7650cbdb70>,softmax,1.0040451027552286,0.49241668,0.54038996,0.164875,0.24159265,0.8722193837165833,0.5309139490127563,0.6514254212379456,0.27587366104125977,0.38339897990226746
10,one_hot,0,2,32,2,128,0.0002,0,<class 'keras.optimizers.Adam'>,<function categorical_crossentropy at 0x7f7650cef488>,<function elu at 0x7f7650cbdb70>,softmax,0.9167848623593648,0.5655,0.6598133,0.36141667,0.46320882,0.9068381786346436,0.5299059152603149,0.6266261339187622,0.3400537669658661,0.43846216797828674
10,one_hot,0,3,32,2,128,0.0002,0,<class 'keras.optimizers.Adam'>,<function categorical_crossentropy at 0x7f7650cef488>,<function elu at 0x7f7650cbdb70>,softmax,0.8906797327200572,0.5810417,0.6691254,0.40795833,0.5042716,0.9157456159591675,0.5309139490127563,0.6093364953994751,0.36223119497299194,0.4521617591381073
10,one_hot,0,4,32,2,128,0.0002,0,<class 'keras.optimizers.Adam'>,<function categorical_crossentropy at 0x7f7650cef488>,<function elu at 0x7f7650cbdb70>,softmax,0.8791732056935628,0.5857083,0.668741,0.4275,0.5190961,0.887832522392273,0.5278897881507874,0.6030607223510742,0.3665994703769684,0.4539612829685211
10,one_hot,0,5,32,2,128,0.0002,0,<class 'keras.optimizers.Adam'>,<function categorical_crossentropy at 0x7f7650cef488>,<function elu at 0x7f7650cbdb70>,softmax,0.8725902542273204,0.58945835,0.6730954,0.43379167,0.5250929,0.8825404644012451,0.5255376100540161,0.6008976101875305,0.37466397881507874,0.4596182703971863
10,one_hot,0,6,32,2,128,0.0002,0,<class 'keras.optimizers.Adam'>,<function categorical_crossentropy at 0x7f7650cef488>,<function elu at 0x7f7650cbdb70>,softmax,0.8683515527248382,0.59095836,0.67187643,0.44091666,0.5299496,0.8929820656776428,0.5252016186714172,0.5957608222961426,0.37163978815078735,0.45586493611335754
10,one_hot,0,7,32,2,128,0.0002,0,<class 'keras.optimizers.Adam'>,<function categorical_crossentropy at 0x7f7650cef488>,<function elu at 0x7f7650cbdb70>,softmax,0.8649004227320353,0.592875,0.6744116,0.445125,0.5340513,0.9026666879653931,0.5188171863555908,0.5904181003570557,0.363575279712677,0.4480065405368805
10,one_hot,0,8,32,2,128,0.0002,0,<class 'keras.optimizers.Adam'>,<function categorical_crossentropy at 0x7f7650cef488>,<function elu at 0x7f7650cbdb70>,softmax,0.8626758474508921,0.59475,0.67784524,0.44454166,0.5347323,0.893211841583252,0.5141128897666931,0.579816997051239,0.375,0.4535158574581146
10,one_hot,0,9,32,2,128,0.0002,0,<class 'keras.optimizers.Adam'>,<function categorical_crossentropy at 0x7f7650cef488>,<function elu at 0x7f7650cbdb70>,softmax,0.8612779939174652,0.5960417,0.6742982,0.44733334,0.5355854,0.8868430852890015,0.5225134491920471,0.5940133333206177,0.38037633895874023,0.46222174167633057
10,one_hot,0,10,32,2,128,0.0002,0,<class 'keras.optimizers.Adam'>,<function categorical_crossentropy at 0x7f7650cef488>,<function elu at 0x7f7650cbdb70>,softmax,0.8588056414922078,0.596375,0.6784083,0.448,0.5373996,0.8907742500305176,0.5245295763015747,0.5881037712097168,0.3837365508079529,0.4628898501396179
10,learn,50,1,128,0,128,0.002,0,<class 'keras.optimizers.RMSprop'>,<function categorical_crossentropy at 0x7f7650cef488>,none,softmax,1.0259944296138173,0.4744736,0.5572862,0.1008105,0.16287798,0.9818859100341797,0.52513587474823,0.6624777317047119,0.213994562625885,0.3223848044872284
10,learn,50,1,32,2,128,0.0001,0.1,<class 'keras.optimizers.RMSprop'>,<function categorical_crossentropy at 0x7f7650cef488>,<function elu at 0x7f7650cbdb70>,softmax,1.0777965693473817,0.406875,0.16853333,0.00925,0.01725084,1.0510053634643555,0.44354838132858276,0.605760395526886,0.052419353276491165,0.09470528364181519
10,learn,50,2,32,2,128,0.0001,0.1,<class 'keras.optimizers.RMSprop'>,<function categorical_crossentropy at 0x7f7650cef488>,<function elu at 0x7f7650cbdb70>,softmax,1.022502609093984,0.47883335,0.64995337,0.110416666,0.18388505,0.9603296518325806,0.46639785170555115,0.6122519969940186,0.1713709682226181,0.26509547233581543
10,learn,50,3,32,2,128,0.0001,0.1,<class 'keras.optimizers.RMSprop'>,<function categorical_crossentropy at 0x7f7650cef488>,<function elu at 0x7f7650cbdb70>,softmax,0.9823739387194316,0.51620835,0.64933324,0.21125,0.31461442,0.9620221853256226,0.49193549156188965,0.6143813729286194,0.20194892585277557,0.30060815811157227
10,learn,50,4,32,2,128,0.0001,0.1,<class 'keras.optimizers.RMSprop'>,<function categorical_crossentropy at 0x7f7650cef488>,<function elu at 0x7f7650cbdb70>,softmax,0.9507386788527171,0.541875,0.66237414,0.28004166,0.3894965,0.9939142465591431,0.508400559425354,0.6038709878921509,0.2644489109516144,0.3642449676990509
10,learn,50,5,32,2,128,0.0001,0.1,<class 'keras.optimizers.RMSprop'>,<function categorical_crossentropy at 0x7f7650cef488>,<function elu at 0x7f7650cbdb70>,softmax,0.9218634897867839,0.56429166,0.6677631,0.35091665,0.45699206,1.040412425994873,0.5171371102333069,0.5864734649658203,0.3114919364452362,0.40424758195877075
10,learn,50,6,32,2,128,0.0001,0.1,<class 'keras.optimizers.RMSprop'>,<function categorical_crossentropy at 0x7f7650cef488>,<function elu at 0x7f7650cbdb70>,softmax,0.8953080806732178,0.58491665,0.67160773,0.40266666,0.5010046,1.0769730806350708,0.5164650678634644,0.5742502808570862,0.34442204236984253,0.42862817645072937
10,learn,50,7,32,2,128,0.0001,0.1,<class 'keras.optimizers.RMSprop'>,<function categorical_crossentropy at 0x7f7650cef488>,<function elu at 0x7f7650cbdb70>,softmax,0.8717215838432312,0.5995833,0.6818687,0.44029167,0.5329098,1.10258948802948,0.5181451439857483,0.578236997127533,0.3645833432674408,0.4454066753387451
10,learn,50,8,32,2,128,0.0001,0.1,<class 'keras.optimizers.RMSprop'>,<function categorical_crossentropy at 0x7f7650cef488>,<function elu at 0x7f7650cbdb70>,softmax,0.8506114781697591,0.615,0.69042206,0.46608335,0.55438006,1.1561203002929688,0.5107526779174805,0.573337197303772,0.37533602118492126,0.4518362879753113
10,learn,50,9,32,2,128,0.0001,0.1,<class 'keras.optimizers.RMSprop'>,<function categorical_crossentropy at 0x7f7650cef488>,<function elu at 0x7f7650cbdb70>,softmax,0.8297415718237559,0.626625,0.7004419,0.49341667,0.577083,1.183021903038025,0.5117607712745667,0.5626899003982544,0.38508063554763794,0.4556658864021301
10,learn,50,10,32,2,128,0.0001,0.1,<class 'keras.optimizers.RMSprop'>,<function categorical_crossentropy at 0x7f7650cef488>,<function elu at 0x7f7650cbdb70>,softmax,0.8083340895970662,0.6418333,0.71082205,0.5173333,0.5971202,1.2304120063781738,0.5147849321365356,0.5595743060112,0.3901209533214569,0.4581645131111145
10,learn,50,11,32,2,128,0.0001,0.1,<class 'keras.optimizers.RMSprop'>,<function categorical_crossentropy at 0x7f7650cef488>,<function elu at 0x7f7650cbdb70>,softmax,0.7889562017520269,0.6495417,0.7183771,0.5372083,0.6131235,1.261492371559143,0.5127688050270081,0.5549600124359131,0.4005376398563385,0.46404704451560974
10,learn,50,12,32,2,128,0.0001,0.1,<class 'keras.optimizers.RMSprop'>,<function categorical_crossentropy at 0x7f7650cef488>,<function elu at 0x7f7650cbdb70>,softmax,0.7699181286493937,0.661625,0.7268659,0.5564167,0.6287861,1.2851837873458862,0.5157930254936218,0.5553172826766968,0.4035618305206299,0.4661968946456909
10,learn,50,13,32,2,128,0.0001,0.1,<class 'keras.optimizers.RMSprop'>,<function categorical_crossentropy at 0x7f7650cef488>,<function elu at 0x7f7650cbdb70>,softmax,0.7512293676932653,0.668375,0.73537916,0.57320833,0.6428046,1.3261494636535645,0.5073924660682678,0.5445343255996704,0.40692204236984253,0.46451276540756226
10,learn,50,14,32,2,128,0.0001,0.1,<class 'keras.optimizers.RMSprop'>,<function categorical_crossentropy at 0x7f7650cef488>,<function elu at 0x7f7650cbdb70>,softmax,0.7339315934975942,0.6806667,0.74067795,0.58554167,0.6526429,1.3737750053405762,0.5043683052062988,0.5374932885169983,0.4099462330341339,0.4642349183559418
10,learn,50,15,32,2,128,0.0001,0.1,<class 'keras.optimizers.RMSprop'>,<function categorical_crossentropy at 0x7f7650cef488>,<function elu at 0x7f7650cbdb70>,softmax,0.7174753012259801,0.68883336,0.74725986,0.5998333,0.6641401,1.4166820049285889,0.511424720287323,0.5398994088172913,0.41633063554763794,0.46930140256881714
10,learn,50,16,32,2,128,0.0001,0.1,<class 'keras.optimizers.RMSprop'>,<function categorical_crossentropy at 0x7f7650cef488>,<function elu at 0x7f7650cbdb70>,softmax,0.7017752412160237,0.69829166,0.756035,0.6135833,0.6760661,1.4533268213272095,0.5043683052062988,0.5343780517578125,0.4220430254936218,0.47075849771499634
10,learn,50,17,32,2,128,0.0001,0.1,<class 'keras.optimizers.RMSprop'>,<function categorical_crossentropy at 0x7f7650cef488>,<function elu at 0x7f7650cbdb70>,softmax,0.6869287793636322,0.7075,0.7612631,0.62625,0.6860721,1.5125925540924072,0.49932795763015747,0.5339248776435852,0.4196908473968506,0.46912914514541626
10,learn,50,18,32,2,128,0.0001,0.1,<class 'keras.optimizers.RMSprop'>,<function categorical_crossentropy at 0x7f7650cef488>,<function elu at 0x7f7650cbdb70>,softmax,0.6732338463862737,0.71108335,0.7660727,0.63404167,0.6927092,1.5722631216049194,0.49663978815078735,0.5255561470985413,0.4196908473968506,0.46576112508773804
10,learn,50,19,32,2,128,0.0001,0.1,<class 'keras.optimizers.RMSprop'>,<function categorical_crossentropy at 0x7f7650cef488>,<function elu at 0x7f7650cbdb70>,softmax,0.6604254217942556,0.71816665,0.7723551,0.64491665,0.7018321,1.5895593166351318,0.49663978815078735,0.5257025361061096,0.426075279712677,0.4698779582977295
10,learn,50,20,32,2,128,0.0001,0.1,<class 'keras.optimizers.RMSprop'>,<function categorical_crossentropy at 0x7f7650cef488>,<function elu at 0x7f7650cbdb70>,softmax,0.6469909760554632,0.725375,0.7776387,0.65216666,0.70836467,1.6200385093688965,0.4963037669658661,0.5246846079826355,0.42372313141822815,0.46807312965393066
10,learn,50,1,128,1,128,0.0001,0,<class 'keras.optimizers.Adam'>,<function categorical_crossentropy at 0x7f7650cef488>,<function relu at 0x7f7650cbdd90>,softmax,1.0925376141135068,0.37266043,0.0,0.0,0.0,1.0852773189544678,0.39707881212234497,0.0,0.0,0.0
10,learn,50,2,128,1,128,0.0001,0,<class 'keras.optimizers.Adam'>,<function categorical_crossentropy at 0x7f7650cef488>,<function relu at 0x7f7650cbdd90>,softmax,1.0758406523077246,0.42997995,0.034759358,0.00029244652,0.0005797212,1.0777208805084229,0.448369562625885,0.30434781312942505,0.00305706518702209,0.006045992486178875
10,learn,50,3,128,1,128,0.0001,0,<class 'keras.optimizers.Adam'>,<function categorical_crossentropy at 0x7f7650cef488>,<function relu at 0x7f7650cbdd90>,softmax,1.0447175681272292,0.47280246,0.6785558,0.031375334,0.0591396,1.0599405765533447,0.46908968687057495,0.7056382894515991,0.06929347664117813,0.12530823051929474
10,learn,50,4,128,1,128,0.0001,0,<class 'keras.optimizers.Adam'>,<function categorical_crossentropy at 0x7f7650cef488>,<function relu at 0x7f7650cbdd90>,softmax,1.0050006046652156,0.5054312,0.71291137,0.1042363,0.17981622,1.037312626838684,0.49320653080940247,0.6794333457946777,0.14198370277881622,0.23381316661834717
10,learn,50,5,128,1,128,0.0001,0,<class 'keras.optimizers.Adam'>,<function categorical_crossentropy at 0x7f7650cef488>,<function relu at 0x7f7650cbdd90>,softmax,0.9701434845592887,0.5344669,0.705479,0.19259693,0.30025053,1.0130971670150757,0.5050951242446899,0.6431856751441956,0.20686140656471252,0.31226304173469543
10,learn,50,6,128,1,128,0.0001,0,<class 'keras.optimizers.Adam'>,<function categorical_crossentropy at 0x7f7650cef488>,<function relu at 0x7f7650cbdd90>,softmax,0.9403231590189398,0.55807155,0.70570016,0.26307654,0.38221738,0.9939634799957275,0.51902174949646,0.6301935911178589,0.24728260934352875,0.354600191116333
10,learn,50,7,128,1,128,0.0001,0,<class 'keras.optimizers.Adam'>,<function categorical_crossentropy at 0x7f7650cef488>,<function relu at 0x7f7650cbdd90>,softmax,0.9140095245391927,0.57557654,0.70205486,0.31337735,0.43251878,0.9777594208717346,0.531589686870575,0.6180397868156433,0.28328803181648254,0.3879832327365875
10,learn,50,8,128,1,128,0.0001,0,<class 'keras.optimizers.Adam'>,<function categorical_crossentropy at 0x7f7650cef488>,<function relu at 0x7f7650cbdd90>,softmax,0.8903814825144681,0.59416777,0.70998925,0.35678476,0.47403416,0.9651926755905151,0.5339673757553101,0.6205272078514099,0.31861412525177,0.4204579293727875
10,learn,50,9,128,1,128,0.0001,0,<class 'keras.optimizers.Adam'>,<function categorical_crossentropy at 0x7f7650cef488>,<function relu at 0x7f7650cbdd90>,softmax,0.8687749575166142,0.61067015,0.7135142,0.39187834,0.5050038,0.9605950713157654,0.5380434989929199,0.610480546951294,0.34273096919059753,0.4383322298526764
10,learn,50,10,128,1,128,0.0001,0,<class 'keras.optimizers.Adam'>,<function categorical_crossentropy at 0x7f7650cef488>,<function relu at 0x7f7650cbdd90>,softmax,0.8483039927992592,0.62161595,0.7195234,0.4287266,0.53668034,0.953483521938324,0.5366848111152649,0.6082084774971008,0.3671875,0.4574844539165497
10,learn,50,11,128,1,128,0.0001,0,<class 'keras.optimizers.Adam'>,<function categorical_crossentropy at 0x7f7650cef488>,<function relu at 0x7f7650cbdd90>,softmax,0.829260789455577,0.63331383,0.72267157,0.45688504,0.5592517,0.9566361904144287,0.52785325050354,0.6001444458961487,0.37364131212234497,0.45999810099601746
10,learn,50,12,128,1,128,0.0001,0,<class 'keras.optimizers.Adam'>,<function categorical_crossentropy at 0x7f7650cef488>,<function relu at 0x7f7650cbdd90>,softmax,0.8105727099479838,0.6450117,0.72786707,0.4807821,0.57856214,0.9537856578826904,0.5319293737411499,0.595704197883606,0.390625,0.471304327249527
10,learn,50,13,128,1,128,0.0001,0,<class 'keras.optimizers.Adam'>,<function categorical_crossentropy at 0x7f7650cef488>,<function relu at 0x7f7650cbdd90>,softmax,0.792235846825462,0.65558153,0.7364646,0.50346756,0.597553,0.9486072063446045,0.534307062625885,0.5881567597389221,0.401494562625885,0.4768345057964325
10,learn,50,14,128,1,128,0.0001,0,<class 'keras.optimizers.Adam'>,<function categorical_crossentropy at 0x7f7650cef488>,<function relu at 0x7f7650cbdd90>,softmax,0.7739468156335189,0.6643549,0.7436912,0.5252757,0.6152092,0.956974983215332,0.523097813129425,0.5820040106773376,0.4038722813129425,0.4764292240142822
10,learn,50,15,128,1,128,0.0001,0,<class 'keras.optimizers.Adam'>,<function categorical_crossentropy at 0x7f7650cef488>,<function relu at 0x7f7650cbdd90>,softmax,0.7562951187398982,0.6760528,0.7506628,0.54257184,0.62941194,0.9620494842529297,0.5258151888847351,0.5782656073570251,0.41202446818351746,0.4809491038322449
10,learn,50,16,128,1,128,0.0001,0,<class 'keras.optimizers.Adam'>,<function categorical_crossentropy at 0x7f7650cef488>,<function relu at 0x7f7650cbdd90>,softmax,0.7384719300397578,0.6850351,0.75814515,0.5604529,0.644015,0.9658385515213013,0.5275135636329651,0.5734530687332153,0.42017662525177,0.48484909534454346
10,learn,50,17,128,1,128,0.0001,0,<class 'keras.optimizers.Adam'>,<function categorical_crossentropy at 0x7f7650cef488>,<function relu at 0x7f7650cbdd90>,softmax,0.721039910367466,0.69422626,0.7644134,0.57766545,0.6576215,0.9700047969818115,0.5227581262588501,0.5713082551956177,0.424932062625885,0.4871472120285034
10,learn,50,18,128,1,128,0.0001,0,<class 'keras.optimizers.Adam'>,<function categorical_crossentropy at 0x7f7650cef488>,<function relu at 0x7f7650cbdd90>,softmax,0.7043817001868059,0.70086896,0.7710721,0.5924131,0.6695859,0.9804164171218872,0.5197010636329651,0.5655831694602966,0.4242527186870575,0.48466911911964417
10,learn,50,19,128,1,128,0.0001,0,<class 'keras.optimizers.Adam'>,<function categorical_crossentropy at 0x7f7650cef488>,<function relu at 0x7f7650cbdd90>,softmax,0.6874513632473461,0.71026903,0.77744573,0.6063252,0.68092346,0.9882102012634277,0.5227581262588501,0.5599222779273987,0.42866846919059753,0.4853476583957672
10,learn,50,20,128,1,128,0.0001,0,<class 'keras.optimizers.Adam'>,<function categorical_crossentropy at 0x7f7650cef488>,<function relu at 0x7f7650cbdd90>,softmax,0.670918661961581,0.7199198,0.7824513,0.6201955,0.69161516,1.011322021484375,0.520380437374115,0.5521842241287231,0.42153531312942505,0.47790229320526123
